[Licensing::Module] Trying to connect to existing licensing client channel...
Built from '6000.0/respin/6000.0.63f1-b423dd65e13f' branch; Version is '6000.0.63f1 (9438f9b77a46) revision 9713913'; Using compiler version '193933523'; Build Type 'Release'
[Licensing::IpcConnector] Successfully connected to: "LicenseClient-DELL" at "2025-12-14T12:54:08.4093879Z"
OS: 'Windows 11  (10.0.26200) 64bit Professional' Language: 'en' Physical Memory: 7528 MB
BatchMode: 1, IsHumanControllingUs: 0, StartBugReporterOnCrash: 0, Is64bit: 1
Date: 2025-12-14T12:54:08Z

COMMAND LINE ARGUMENTS:
C:\Program Files\Unity\Hub\Editor\6000.0.63f1\Editor\Unity.exe
-adb2
-batchMode
-noUpm
-name
AssetImportWorker2
-projectPath
D:/Unity/Tactics Game
-logFile
Logs/AssetImportWorker2.log
-srvPort
54529
-licensingIpc
LicenseClient-DELL
-job-worker-count
5
-background-job-worker-count
8
-gc-helper-count
1
-name
AssetImport
Successfully changed project path to: D:/Unity/Tactics Game
D:/Unity/Tactics Game
[UnityMemory] Configuration Parameters - Can be set up in boot.config
    "memorysetup-bucket-allocator-granularity=16"
    "memorysetup-bucket-allocator-bucket-count=8"
    "memorysetup-bucket-allocator-block-size=33554432"
    "memorysetup-bucket-allocator-block-count=8"
    "memorysetup-main-allocator-block-size=16777216"
    "memorysetup-thread-allocator-block-size=16777216"
    "memorysetup-gfx-main-allocator-block-size=16777216"
    "memorysetup-gfx-thread-allocator-block-size=16777216"
    "memorysetup-cache-allocator-block-size=4194304"
    "memorysetup-typetree-allocator-block-size=2097152"
    "memorysetup-profiler-bucket-allocator-granularity=16"
    "memorysetup-profiler-bucket-allocator-bucket-count=8"
    "memorysetup-profiler-bucket-allocator-block-size=33554432"
    "memorysetup-profiler-bucket-allocator-block-count=8"
    "memorysetup-profiler-allocator-block-size=16777216"
    "memorysetup-profiler-editor-allocator-block-size=1048576"
    "memorysetup-temp-allocator-size-main=16777216"
    "memorysetup-job-temp-allocator-block-size=2097152"
    "memorysetup-job-temp-allocator-block-size-background=1048576"
    "memorysetup-job-temp-allocator-reduction-small-platforms=262144"
    "memorysetup-allocator-temp-initial-block-size-main=262144"
    "memorysetup-allocator-temp-initial-block-size-worker=262144"
    "memorysetup-temp-allocator-size-background-worker=32768"
    "memorysetup-temp-allocator-size-job-worker=262144"
    "memorysetup-temp-allocator-size-preload-manager=33554432"
    "memorysetup-temp-allocator-size-nav-mesh-worker=65536"
    "memorysetup-temp-allocator-size-audio-worker=65536"
    "memorysetup-temp-allocator-size-cloud-worker=32768"
    "memorysetup-temp-allocator-size-gi-baking-worker=262144"
    "memorysetup-temp-allocator-size-gi-baking-worker=262144"
    "memorysetup-temp-allocator-size-gi-baking-worker=262144"
    "memorysetup-temp-allocator-size-gi-baking-worker=262144"
    "memorysetup-temp-allocator-size-gi-baking-worker=262144"
    "memorysetup-temp-allocator-size-gfx=262144"
Player connection [19924]  Target information:

Player connection [19924]  * "[IP] 192.168.1.37 [Port] 0 [Flags] 2 [Guid] 2616388387 [EditorId] 2616388387 [Version] 1048832 [Id] WindowsEditor(7,DESKTOP-ON1SL8S) [Debug] 1 [PackageName] WindowsEditor [ProjectName] Editor" 

Player connection [19924] Host joined multi-casting on [225.0.0.222:54997]...
Player connection [19924] Host joined alternative multi-casting on [225.0.0.222:34997]...
JobSystem: Creating JobQueue using job-worker-count value 5
Input System module state changed to: Initialized.
[Physics::Module] Initialized fallback backend.
[Physics::Module] Id: 0xdecafbad
Library Redirect Path: Library/
[Physics::Module] Selected backend.
[Physics::Module] Name: PhysX
[Physics::Module] Id: 0xf2b8ea05
[Physics::Module] SDK Version: 4.1.2
[Physics::Module] Integration Version: 1.0.0
[Physics::Module] Threading Mode: Multi-Threaded
Refreshing native plugins compatible for Editor in 403.32 ms, found 3 plugins.
Preloading 0 native plugins for Editor in 0.00 ms.
Initialize engine version: 6000.0.63f1 (9438f9b77a46)
[Subsystems] Discovering subsystems at path C:/Program Files/Unity/Hub/Editor/6000.0.63f1/Editor/Data/Resources/UnitySubsystems
[Subsystems] Discovering subsystems at path D:/Unity/Tactics Game/Assets
GfxDevice: creating device client; kGfxThreadingModeNonThreaded
Direct3D:
    Version:  Direct3D 11.0 [level 11.1]
    Renderer: NVIDIA GeForce RTX 3050 Laptop GPU (ID=0x25a2)
    Vendor:   NVIDIA
    VRAM:     3964 MB
    Driver:   32.0.15.8132
Initialize mono
Mono path[0] = 'C:/Program Files/Unity/Hub/Editor/6000.0.63f1/Editor/Data/Managed'
Mono path[1] = 'C:/Program Files/Unity/Hub/Editor/6000.0.63f1/Editor/Data/MonoBleedingEdge/lib/mono/unityjit-win32'
Mono config path = 'C:/Program Files/Unity/Hub/Editor/6000.0.63f1/Editor/Data/MonoBleedingEdge/etc'
Using monoOptions --debugger-agent=transport=dt_socket,embedding=1,server=y,suspend=n,address=127.0.0.1:56480
Begin MonoManager ReloadAssembly
Registering precompiled unity dll's ...
Register platform support module: C:/Program Files/Unity/Hub/Editor/6000.0.63f1/Editor/Data/PlaybackEngines/WebGLSupport/UnityEditor.WebGL.Extensions.dll
Register platform support module: C:/Program Files/Unity/Hub/Editor/6000.0.63f1/Editor/Data/PlaybackEngines/WindowsStandaloneSupport/UnityEditor.WindowsStandalone.Extensions.dll
[Licensing::Module] Licensing is not yet initialized.
[Licensing::Client] Handshaking with LicensingClient:
  Version:                 1.17.4+4293ba1
  Session Id:              b164060f68b044088aa28ec8f314a515
  Correlation Id:          c3e3a286ad811e0072c69f5131203c51
  External correlation Id: 8250312223343987585
  Machine Id:              zeBVQL34RM58NrT64m0hoR1BTVk=
[Licensing::Module] Successfully connected to LicensingClient on channel: "LicenseClient-DELL" (connect: 0.00s, validation: 0.01s, handshake: 4.99s)
[Licensing::IpcConnector] Successfully connected to: "LicenseClient-DELL-notifications" at "2025-12-14T12:54:13.4040239Z"
[Licensing::Module] Licensing Background thread has ended after 5.00s
[Licensing::Module] Licensing is initialized (took 1.11s).
[Licensing::Client] Successfully resolved entitlement details
[Licensing::Module] License group:
  Id: 13469131366229-UnityPersXXXX
  Product: Unity Personal
  Type: Assigned
  Expiration: Unlimited
Register platform support module: C:/Program Files/Unity/Hub/Editor/6000.0.63f1/Editor/Data/PlaybackEngines/MetroSupport/UnityEditor.UWP.Extensions.dll
Registered in 1.138726 seconds.
- Loaded All Assemblies, in  4.815 seconds
Native extension for UWP target not found
Native extension for WindowsStandalone target not found
Native extension for WebGL target not found
Mono: successfully reloaded assembly
- Finished resetting the current domain, in  0.854 seconds
Domain Reload Profiling: 5664ms
	BeginReloadAssembly (392ms)
		ExecutionOrderSort (0ms)
		DisableScriptedObjects (0ms)
		BackupInstance (0ms)
		ReleaseScriptingObjects (0ms)
		CreateAndSetChildDomain (1ms)
	RebuildCommonClasses (533ms)
	RebuildNativeTypeToScriptingClass (34ms)
	initialDomainReloadingComplete (1250ms)
	LoadAllAssembliesAndSetupDomain (2600ms)
		LoadAssemblies (390ms)
		RebuildTransferFunctionScriptingTraits (0ms)
		AnalyzeDomain (2590ms)
			TypeCache.Refresh (2587ms)
				TypeCache.ScanAssembly (2520ms)
			BuildScriptInfoCaches (0ms)
			ResolveRequiredComponents (1ms)
	FinalizeReload (854ms)
		ReleaseScriptCaches (0ms)
		RebuildScriptCaches (0ms)
		SetupLoadedEditorAssemblies (751ms)
			LogAssemblyErrors (0ms)
			InitializePlatformSupportModulesInManaged (44ms)
			SetLoadedEditorAssemblies (9ms)
			BeforeProcessingInitializeOnLoad (153ms)
			ProcessInitializeOnLoadAttributes (352ms)
			ProcessInitializeOnLoadMethodAttributes (192ms)
			AfterProcessingInitializeOnLoad (0ms)
			EditorAssembliesLoaded (0ms)
		ExecutionOrderSort2 (0ms)
		AwakeInstancesAfterBackupRestoration (0ms)
========================================================================
Worker process is ready to serve import requests
Import Worker Mode flag is 0x00
Begin MonoManager ReloadAssembly
[Licensing::Client] Successfully resolved entitlement details
- Loaded All Assemblies, in  1.898 seconds
Refreshing native plugins compatible for Editor in 2.25 ms, found 3 plugins.
Native extension for UWP target not found
Native extension for WindowsStandalone target not found
Native extension for WebGL target not found
Package Manager log level set to [2]
[Package Manager] Failed to launch server process. Reason: Unity was launched with the -noUpm command-line argument
[Package Manager] Unable to send message (not connected to server process).
[Package Manager] Cannot connect to Unity Package Manager local server
Mono: successfully reloaded assembly
- Finished resetting the current domain, in  1.874 seconds
Domain Reload Profiling: 3767ms
	BeginReloadAssembly (387ms)
		ExecutionOrderSort (0ms)
		DisableScriptedObjects (13ms)
		BackupInstance (0ms)
		ReleaseScriptingObjects (0ms)
		CreateAndSetChildDomain (57ms)
	RebuildCommonClasses (95ms)
	RebuildNativeTypeToScriptingClass (24ms)
	initialDomainReloadingComplete (83ms)
	LoadAllAssembliesAndSetupDomain (1303ms)
		LoadAssemblies (978ms)
		RebuildTransferFunctionScriptingTraits (0ms)
		AnalyzeDomain (542ms)
			TypeCache.Refresh (410ms)
				TypeCache.ScanAssembly (385ms)
			BuildScriptInfoCaches (104ms)
			ResolveRequiredComponents (23ms)
	FinalizeReload (1875ms)
		ReleaseScriptCaches (0ms)
		RebuildScriptCaches (0ms)
		SetupLoadedEditorAssemblies (1325ms)
			LogAssemblyErrors (0ms)
			InitializePlatformSupportModulesInManaged (7ms)
			SetLoadedEditorAssemblies (8ms)
			BeforeProcessingInitializeOnLoad (283ms)
			ProcessInitializeOnLoadAttributes (918ms)
			ProcessInitializeOnLoadMethodAttributes (99ms)
			AfterProcessingInitializeOnLoad (10ms)
			EditorAssembliesLoaded (0ms)
		ExecutionOrderSort2 (0ms)
		AwakeInstancesAfterBackupRestoration (12ms)
Launched and connected shader compiler UnityShaderCompiler.exe after 0.05 seconds
Refreshing native plugins compatible for Editor in 1.66 ms, found 3 plugins.
Preloading 0 native plugins for Editor in 0.00 ms.
Unloading 13 Unused Serialized files (Serialized files now loaded: 0)
Unloading 6104 unused Assets / (4.4 MB). Loaded Objects now: 6791.
Memory consumption went from 129.2 MB to 124.8 MB.
Total: 15.794800 ms (FindLiveObjects: 1.399700 ms CreateObjectMapping: 0.681200 ms MarkObjects: 9.207500 ms  DeleteObjects: 4.504500 ms)

========================================================================
Received Import Request.
  Time since last request: 1731.754722 seconds.
  path: Assets/GridObstacleData.asset
  artifactKey: Guid(a773e8a04e80198498fb42d03a359a69) Importer(815301076,1909f56bfc062723c751e8b465ee728b)
Start importing Assets/GridObstacleData.asset using Guid(a773e8a04e80198498fb42d03a359a69) Importer(815301076,1909f56bfc062723c751e8b465ee728b) (PreviewImporter) -> (artifact id: 'c2b283aa604f0ce4b109a1b0e27a2f0c') in 0.051872 seconds
Number of updated asset objects reloaded before import = 0Number of asset objects unloaded after import = 1

========================================================================
Received Import Request.
  Time since last request: 0.872424 seconds.
  path: Assets/GridObstacleData.asset
  artifactKey: Guid(a773e8a04e80198498fb42d03a359a69) Importer(2089858483,192608db42251d675da83286b1cce702)
Start importing Assets/GridObstacleData.asset using Guid(a773e8a04e80198498fb42d03a359a69) Importer(2089858483,192608db42251d675da83286b1cce702) (ScriptedImporter) -> (artifact id: '2472504839d9d54e2a2e5b3139549032') in 0.376098 seconds
Number of updated asset objects reloaded before import = 0Number of asset objects unloaded after import = 1

========================================================================
Received Import Request.
  Time since last request: 6.632460 seconds.
  path: Assets/Scenes/SampleScene.unity
  artifactKey: Guid(99c9720ab356a0642a771bea13969a05) Importer(2089858483,192608db42251d675da83286b1cce702)
Start importing Assets/Scenes/SampleScene.unity using Guid(99c9720ab356a0642a771bea13969a05) Importer(2089858483,192608db42251d675da83286b1cce702) (ScriptedImporter) -> (artifact id: 'cd662ecf8732723213b58ddb45b71d36') in 0.0769904 seconds
Number of updated asset objects reloaded before import = 0Number of asset objects unloaded after import = 1

========================================================================
Received Import Request.
  Time since last request: 105.851757 seconds.
  path: Assets/Sphere.mat
  artifactKey: Guid(13ae5eb78db583846918f63c9c7c5e12) Importer(815301076,1909f56bfc062723c751e8b465ee728b)
Start importing Assets/Sphere.mat using Guid(13ae5eb78db583846918f63c9c7c5e12) Importer(815301076,1909f56bfc062723c751e8b465ee728b) (PreviewImporter) -> (artifact id: '399fd8de03db265028693a4cc2a9535c') in 1.2787703 seconds
Number of updated asset objects reloaded before import = 0Number of asset objects unloaded after import = 1

========================================================================
Received Import Request.
  Time since last request: 62.355028 seconds.
  path: Assets/Mats
  artifactKey: Guid(a5815be823aba434188a3043b3a263c4) Importer(815301076,1909f56bfc062723c751e8b465ee728b)
Start importing Assets/Mats using Guid(a5815be823aba434188a3043b3a263c4) Importer(815301076,1909f56bfc062723c751e8b465ee728b) (PreviewImporter) -> (artifact id: '1582b18e62d91c1fa6f2c962814504e8') in 0.0010693 seconds
Number of updated asset objects reloaded before import = 0Number of asset objects unloaded after import = 0

========================================================================
Received Import Request.
  Time since last request: 0.837704 seconds.
  path: Assets/Mats
  artifactKey: Guid(a5815be823aba434188a3043b3a263c4) Importer(2089858483,192608db42251d675da83286b1cce702)
Start importing Assets/Mats using Guid(a5815be823aba434188a3043b3a263c4) Importer(2089858483,192608db42251d675da83286b1cce702) (ScriptedImporter) -> (artifact id: '7543b8d864b2cdd6845dcd2de102fcf7') in 0.0737616 seconds
Number of updated asset objects reloaded before import = 0Number of asset objects unloaded after import = 1

========================================================================
Received Import Request.
  Time since last request: 3.364405 seconds.
  path: Assets/Mats/Sphere.mat
  artifactKey: Guid(13ae5eb78db583846918f63c9c7c5e12) Importer(2089858483,192608db42251d675da83286b1cce702)
Start importing Assets/Mats/Sphere.mat using Guid(13ae5eb78db583846918f63c9c7c5e12) Importer(2089858483,192608db42251d675da83286b1cce702) (ScriptedImporter) -> (artifact id: 'b46b50eac88fa9f957529eff863772db') in 0.0865348 seconds
Number of updated asset objects reloaded before import = 0Number of asset objects unloaded after import = 1

========================================================================
Received Import Request.
  Time since last request: 1.267451 seconds.
  path: Assets/Mats/Sphere.mat
  artifactKey: Guid(13ae5eb78db583846918f63c9c7c5e12) Importer(815301076,1909f56bfc062723c751e8b465ee728b)
Start importing Assets/Mats/Sphere.mat using Guid(13ae5eb78db583846918f63c9c7c5e12) Importer(815301076,1909f56bfc062723c751e8b465ee728b) (PreviewImporter) -> (artifact id: 'cd462203cd1fb3818069cd37e55d586e') in 0.1002878 seconds
Number of updated asset objects reloaded before import = 0Number of asset objects unloaded after import = 1

========================================================================
Received Import Request.
  Time since last request: 8.331261 seconds.
  path: Assets/Mats/Tiles.mat
  artifactKey: Guid(99699ba07c8f42645bd434ce1f2aec2a) Importer(815301076,1909f56bfc062723c751e8b465ee728b)
Start importing Assets/Mats/Tiles.mat using Guid(99699ba07c8f42645bd434ce1f2aec2a) Importer(815301076,1909f56bfc062723c751e8b465ee728b) (PreviewImporter) -> (artifact id: '239f2e7fb28b3ef7319a4c71094a4db9') in 0.042162 seconds
Number of updated asset objects reloaded before import = 0Number of asset objects unloaded after import = 1

========================================================================
Received Import Request.
  Time since last request: 0.790705 seconds.
  path: Assets/Mats/Tiles.mat
  artifactKey: Guid(99699ba07c8f42645bd434ce1f2aec2a) Importer(2089858483,192608db42251d675da83286b1cce702)
Start importing Assets/Mats/Tiles.mat using Guid(99699ba07c8f42645bd434ce1f2aec2a) Importer(2089858483,192608db42251d675da83286b1cce702) (ScriptedImporter) -> (artifact id: '415af2268317a1a1d599bb284d1f09ba') in 0.0366544 seconds
Number of updated asset objects reloaded before import = 0Number of asset objects unloaded after import = 1

========================================================================
Received Import Request.
  Time since last request: 19.292757 seconds.
  path: Assets/Mats/Tiles.mat
  artifactKey: Guid(99699ba07c8f42645bd434ce1f2aec2a) Importer(815301076,1909f56bfc062723c751e8b465ee728b)
Start importing Assets/Mats/Tiles.mat using Guid(99699ba07c8f42645bd434ce1f2aec2a) Importer(815301076,1909f56bfc062723c751e8b465ee728b) (PreviewImporter) -> (artifact id: 'e671c514fd0cd3811e0fd0abd2fdf821') in 0.040924 seconds
Number of updated asset objects reloaded before import = 0Number of asset objects unloaded after import = 1

========================================================================
Received Import Request.
  Time since last request: 0.708693 seconds.
  path: Assets/Mats/Tiles.mat
  artifactKey: Guid(99699ba07c8f42645bd434ce1f2aec2a) Importer(2089858483,192608db42251d675da83286b1cce702)
Start importing Assets/Mats/Tiles.mat using Guid(99699ba07c8f42645bd434ce1f2aec2a) Importer(2089858483,192608db42251d675da83286b1cce702) (ScriptedImporter) -> (artifact id: '21f840611fdad494b27c24aec0d772bc') in 0.0696181 seconds
Number of updated asset objects reloaded before import = 0Number of asset objects unloaded after import = 1

========================================================================
Received Import Request.
  Time since last request: 3.727795 seconds.
  path: Assets/Prefabs/Sphere.prefab
  artifactKey: Guid(1b88b8e70df4a204a99a6d193fd76f3d) Importer(815301076,1909f56bfc062723c751e8b465ee728b)
Start importing Assets/Prefabs/Sphere.prefab using Guid(1b88b8e70df4a204a99a6d193fd76f3d) Importer(815301076,1909f56bfc062723c751e8b465ee728b) (PreviewImporter) -> (artifact id: '53641557c25e8e26db6a8fbe49249e74') in 0.0731985 seconds
Number of updated asset objects reloaded before import = 0Number of asset objects unloaded after import = 8

========================================================================
Received Import Request.
  Time since last request: 0.783721 seconds.
  path: Assets/Prefabs/Sphere.prefab
  artifactKey: Guid(1b88b8e70df4a204a99a6d193fd76f3d) Importer(2089858483,192608db42251d675da83286b1cce702)
Start importing Assets/Prefabs/Sphere.prefab using Guid(1b88b8e70df4a204a99a6d193fd76f3d) Importer(2089858483,192608db42251d675da83286b1cce702) (ScriptedImporter) -> (artifact id: '4bbd563dbe360cce3e6d9f2c760068c7') in 0.1214037 seconds
Number of updated asset objects reloaded before import = 0Number of asset objects unloaded after import = 8

========================================================================
Received Prepare
Refreshing native plugins compatible for Editor in 2.19 ms, found 3 plugins.
Preloading 0 native plugins for Editor in 0.00 ms.
Unloading 13 Unused Serialized files (Serialized files now loaded: 0)
Unloading 6095 unused Assets / (4.0 MB). Loaded Objects now: 6978.
Memory consumption went from 138.6 MB to 134.6 MB.
Total: 28.140400 ms (FindLiveObjects: 1.559600 ms CreateObjectMapping: 1.237800 ms MarkObjects: 19.768500 ms  DeleteObjects: 5.571200 ms)

Prepare: number of updated asset objects reloaded= 0
========================================================================
Received Import Request.
  Time since last request: 44.580453 seconds.
  path: Assets/Scripts/ObstacleManage.cs
  artifactKey: Guid(a90da54ec71998943bb798b79bd659a9) Importer(815301076,1909f56bfc062723c751e8b465ee728b)
Start importing Assets/Scripts/ObstacleManage.cs using Guid(a90da54ec71998943bb798b79bd659a9) Importer(815301076,1909f56bfc062723c751e8b465ee728b) (PreviewImporter) -> (artifact id: '358134495cc3b6afe7f755781852f597') in 0.013461 seconds
Number of updated asset objects reloaded before import = 0Number of asset objects unloaded after import = 0

========================================================================
Received Import Request.
  Time since last request: 0.129547 seconds.
  path: Assets/Scripts/ObstacleManage.cs
  artifactKey: Guid(a90da54ec71998943bb798b79bd659a9) Importer(2089858483,192608db42251d675da83286b1cce702)
Start importing Assets/Scripts/ObstacleManage.cs using Guid(a90da54ec71998943bb798b79bd659a9) Importer(2089858483,192608db42251d675da83286b1cce702) (ScriptedImporter) -> (artifact id: '29e0f3e0516a1c2e4258e9deb8489c1b') in 0.0608267 seconds
Number of updated asset objects reloaded before import = 0Number of asset objects unloaded after import = 0

========================================================================
Received Prepare
Begin MonoManager ReloadAssembly
[Licensing::Client] Successfully resolved entitlement details
- Loaded All Assemblies, in  1.664 seconds
Refreshing native plugins compatible for Editor in 1.79 ms, found 3 plugins.
Native extension for UWP target not found
Native extension for WindowsStandalone target not found
Native extension for WebGL target not found
[Package Manager] Failed to launch server process. Reason: Unity was launched with the -noUpm command-line argument
[Package Manager] Unable to send message (not connected to server process).
[Package Manager] Cannot connect to Unity Package Manager local server
Mono: successfully reloaded assembly
- Finished resetting the current domain, in  1.697 seconds
Domain Reload Profiling: 3359ms
	BeginReloadAssembly (523ms)
		ExecutionOrderSort (0ms)
		DisableScriptedObjects (76ms)
		BackupInstance (0ms)
		ReleaseScriptingObjects (0ms)
		CreateAndSetChildDomain (132ms)
	RebuildCommonClasses (89ms)
	RebuildNativeTypeToScriptingClass (32ms)
	initialDomainReloadingComplete (61ms)
	LoadAllAssembliesAndSetupDomain (956ms)
		LoadAssemblies (767ms)
		RebuildTransferFunctionScriptingTraits (0ms)
		AnalyzeDomain (396ms)
			TypeCache.Refresh (15ms)
				TypeCache.ScanAssembly (1ms)
			BuildScriptInfoCaches (344ms)
			ResolveRequiredComponents (29ms)
	FinalizeReload (1699ms)
		ReleaseScriptCaches (0ms)
		RebuildScriptCaches (0ms)
		SetupLoadedEditorAssemblies (1258ms)
			LogAssemblyErrors (0ms)
			InitializePlatformSupportModulesInManaged (10ms)
			SetLoadedEditorAssemblies (17ms)
			BeforeProcessingInitializeOnLoad (282ms)
			ProcessInitializeOnLoadAttributes (809ms)
			ProcessInitializeOnLoadMethodAttributes (123ms)
			AfterProcessingInitializeOnLoad (15ms)
			EditorAssembliesLoaded (1ms)
		ExecutionOrderSort2 (0ms)
		AwakeInstancesAfterBackupRestoration (42ms)
Refreshing native plugins compatible for Editor in 1.69 ms, found 3 plugins.
Preloading 0 native plugins for Editor in 0.00 ms.
Unloading 13 Unused Serialized files (Serialized files now loaded: 0)
Unloading 6100 unused Assets / (4.3 MB). Loaded Objects now: 6874.
Memory consumption went from 146.1 MB to 141.8 MB.
Total: 16.541900 ms (FindLiveObjects: 1.671600 ms CreateObjectMapping: 1.580200 ms MarkObjects: 9.265100 ms  DeleteObjects: 4.023000 ms)

Prepare: number of updated asset objects reloaded= 0
========================================================================
Received Prepare
Begin MonoManager ReloadAssembly
- Loaded All Assemblies, in  1.494 seconds
Refreshing native plugins compatible for Editor in 1.48 ms, found 3 plugins.
Native extension for UWP target not found
Native extension for WindowsStandalone target not found
Native extension for WebGL target not found
[Package Manager] Failed to launch server process. Reason: Unity was launched with the -noUpm command-line argument
[Package Manager] Unable to send message (not connected to server process).
[Package Manager] Cannot connect to Unity Package Manager local server
Mono: successfully reloaded assembly
- Finished resetting the current domain, in  1.573 seconds
Domain Reload Profiling: 3067ms
	BeginReloadAssembly (461ms)
		ExecutionOrderSort (0ms)
		DisableScriptedObjects (13ms)
		BackupInstance (0ms)
		ReleaseScriptingObjects (0ms)
		CreateAndSetChildDomain (99ms)
	RebuildCommonClasses (76ms)
	RebuildNativeTypeToScriptingClass (24ms)
	initialDomainReloadingComplete (59ms)
	LoadAllAssembliesAndSetupDomain (873ms)
		LoadAssemblies (722ms)
		RebuildTransferFunctionScriptingTraits (0ms)
		AnalyzeDomain (387ms)
			TypeCache.Refresh (17ms)
				TypeCache.ScanAssembly (0ms)
			BuildScriptInfoCaches (337ms)
			ResolveRequiredComponents (25ms)
	FinalizeReload (1574ms)
		ReleaseScriptCaches (0ms)
		RebuildScriptCaches (0ms)
		SetupLoadedEditorAssemblies (1211ms)
			LogAssemblyErrors (0ms)
			InitializePlatformSupportModulesInManaged (8ms)
			SetLoadedEditorAssemblies (9ms)
			BeforeProcessingInitializeOnLoad (315ms)
			ProcessInitializeOnLoadAttributes (762ms)
			ProcessInitializeOnLoadMethodAttributes (107ms)
			AfterProcessingInitializeOnLoad (10ms)
			EditorAssembliesLoaded (0ms)
		ExecutionOrderSort2 (0ms)
		AwakeInstancesAfterBackupRestoration (35ms)
Refreshing native plugins compatible for Editor in 1.59 ms, found 3 plugins.
Preloading 0 native plugins for Editor in 0.00 ms.
Unloading 13 Unused Serialized files (Serialized files now loaded: 0)
Unloading 6100 unused Assets / (4.6 MB). Loaded Objects now: 6877.
Memory consumption went from 146.0 MB to 141.5 MB.
Total: 18.245000 ms (FindLiveObjects: 1.092200 ms CreateObjectMapping: 1.100100 ms MarkObjects: 9.803000 ms  DeleteObjects: 6.247400 ms)

Prepare: number of updated asset objects reloaded= 0
========================================================================
Received Prepare
Refreshing native plugins compatible for Editor in 2.43 ms, found 3 plugins.
Preloading 0 native plugins for Editor in 0.00 ms.
Unloading 13 Unused Serialized files (Serialized files now loaded: 0)
Unloading 6095 unused Assets / (4.7 MB). Loaded Objects now: 6878.
Memory consumption went from 146.2 MB to 141.5 MB.
Total: 103.737800 ms (FindLiveObjects: 2.017800 ms CreateObjectMapping: 1.309300 ms MarkObjects: 91.925700 ms  DeleteObjects: 8.481700 ms)

Prepare: number of updated asset objects reloaded= 0
========================================================================
Received Import Request.
  Time since last request: 478.550883 seconds.
  path: Assets/Scripts/NewEmptyCSharpScript.cs
  artifactKey: Guid(8dd7ad1ec31e6e0408b7571893b47031) Importer(2089858483,192608db42251d675da83286b1cce702)
Start importing Assets/Scripts/NewEmptyCSharpScript.cs using Guid(8dd7ad1ec31e6e0408b7571893b47031) Importer(2089858483,192608db42251d675da83286b1cce702) (ScriptedImporter) -> (artifact id: '845575f1d051e15f29ea36dab6848b61') in 0.8668836 seconds
Number of updated asset objects reloaded before import = 0Number of asset objects unloaded after import = 0

========================================================================
Received Prepare
Begin MonoManager ReloadAssembly
[Licensing::Client] Successfully resolved entitlement details
- Loaded All Assemblies, in  2.545 seconds
Refreshing native plugins compatible for Editor in 3.04 ms, found 3 plugins.
Native extension for UWP target not found
Native extension for WindowsStandalone target not found
Native extension for WebGL target not found
[Package Manager] Failed to launch server process. Reason: Unity was launched with the -noUpm command-line argument
[Package Manager] Unable to send message (not connected to server process).
[Package Manager] Cannot connect to Unity Package Manager local server
Mono: successfully reloaded assembly
- Finished resetting the current domain, in  1.759 seconds
Domain Reload Profiling: 4304ms
	BeginReloadAssembly (771ms)
		ExecutionOrderSort (0ms)
		DisableScriptedObjects (22ms)
		BackupInstance (0ms)
		ReleaseScriptingObjects (1ms)
		CreateAndSetChildDomain (239ms)
	RebuildCommonClasses (115ms)
	RebuildNativeTypeToScriptingClass (36ms)
	initialDomainReloadingComplete (87ms)
	LoadAllAssembliesAndSetupDomain (1534ms)
		LoadAssemblies (1272ms)
		RebuildTransferFunctionScriptingTraits (0ms)
		AnalyzeDomain (609ms)
			TypeCache.Refresh (43ms)
				TypeCache.ScanAssembly (1ms)
			BuildScriptInfoCaches (512ms)
			ResolveRequiredComponents (36ms)
	FinalizeReload (1760ms)
		ReleaseScriptCaches (0ms)
		RebuildScriptCaches (0ms)
		SetupLoadedEditorAssemblies (1321ms)
			LogAssemblyErrors (0ms)
			InitializePlatformSupportModulesInManaged (9ms)
			SetLoadedEditorAssemblies (15ms)
			BeforeProcessingInitializeOnLoad (297ms)
			ProcessInitializeOnLoadAttributes (868ms)
			ProcessInitializeOnLoadMethodAttributes (119ms)
			AfterProcessingInitializeOnLoad (12ms)
			EditorAssembliesLoaded (1ms)
		ExecutionOrderSort2 (0ms)
		AwakeInstancesAfterBackupRestoration (37ms)
Refreshing native plugins compatible for Editor in 2.17 ms, found 3 plugins.
Preloading 0 native plugins for Editor in 0.00 ms.
Unloading 13 Unused Serialized files (Serialized files now loaded: 0)
Unloading 6101 unused Assets / (4.2 MB). Loaded Objects now: 6881.
Memory consumption went from 146.1 MB to 141.9 MB.
Total: 19.597900 ms (FindLiveObjects: 1.519300 ms CreateObjectMapping: 1.192800 ms MarkObjects: 11.430300 ms  DeleteObjects: 5.453400 ms)

Prepare: number of updated asset objects reloaded= 0
========================================================================
Received Import Request.
  Time since last request: 16.880575 seconds.
  path: Assets/Scripts/NewEmptyCSharpScript.cs
  artifactKey: Guid(8dd7ad1ec31e6e0408b7571893b47031) Importer(815301076,1909f56bfc062723c751e8b465ee728b)
Start importing Assets/Scripts/NewEmptyCSharpScript.cs using Guid(8dd7ad1ec31e6e0408b7571893b47031) Importer(815301076,1909f56bfc062723c751e8b465ee728b) (PreviewImporter) -> (artifact id: 'c5612768fea404eae7f9404a37222180') in 0.0546373 seconds
Number of updated asset objects reloaded before import = 0Number of asset objects unloaded after import = 0

========================================================================
Received Prepare
Refreshing native plugins compatible for Editor in 1.86 ms, found 3 plugins.
Preloading 0 native plugins for Editor in 0.00 ms.
Unloading 13 Unused Serialized files (Serialized files now loaded: 0)
Unloading 6095 unused Assets / (4.5 MB). Loaded Objects now: 6881.
Memory consumption went from 146.2 MB to 141.8 MB.
Total: 18.819500 ms (FindLiveObjects: 1.283100 ms CreateObjectMapping: 1.220300 ms MarkObjects: 11.400800 ms  DeleteObjects: 4.913200 ms)

Prepare: number of updated asset objects reloaded= 0
========================================================================
Received Import Request.
  Time since last request: 10.644789 seconds.
  path: Assets/Scripts/ObstacleDataEditor.cs
  artifactKey: Guid(8dd7ad1ec31e6e0408b7571893b47031) Importer(2089858483,192608db42251d675da83286b1cce702)
Start importing Assets/Scripts/ObstacleDataEditor.cs using Guid(8dd7ad1ec31e6e0408b7571893b47031) Importer(2089858483,192608db42251d675da83286b1cce702) (ScriptedImporter) -> (artifact id: '5f1fe9150eed5cbb3ae0e394dff0799c') in 0.4996944 seconds
Number of updated asset objects reloaded before import = 0Number of asset objects unloaded after import = 0

========================================================================
Received Prepare
Refreshing native plugins compatible for Editor in 2.30 ms, found 3 plugins.
Preloading 0 native plugins for Editor in 0.00 ms.
Unloading 13 Unused Serialized files (Serialized files now loaded: 0)
Unloading 6095 unused Assets / (4.3 MB). Loaded Objects now: 6881.
Memory consumption went from 146.3 MB to 141.9 MB.
Total: 23.410400 ms (FindLiveObjects: 1.679200 ms CreateObjectMapping: 1.495000 ms MarkObjects: 14.464400 ms  DeleteObjects: 5.768400 ms)

Prepare: number of updated asset objects reloaded= 0
========================================================================
Received Import Request.
  Time since last request: 10.981740 seconds.
  path: Assets/Scripts/ObstacleDataEditor.cs
  artifactKey: Guid(8dd7ad1ec31e6e0408b7571893b47031) Importer(815301076,1909f56bfc062723c751e8b465ee728b)
Start importing Assets/Scripts/ObstacleDataEditor.cs using Guid(8dd7ad1ec31e6e0408b7571893b47031) Importer(815301076,1909f56bfc062723c751e8b465ee728b) (PreviewImporter) -> (artifact id: '6808e55dfe79f7fbe28efbf40eb8774d') in 0.0082053 seconds
Number of updated asset objects reloaded before import = 0Number of asset objects unloaded after import = 0

========================================================================
Received Import Request.
  Time since last request: 0.165364 seconds.
  path: Assets/Scripts/ObstacleDataEditor.cs
  artifactKey: Guid(8dd7ad1ec31e6e0408b7571893b47031) Importer(2089858483,192608db42251d675da83286b1cce702)
Start importing Assets/Scripts/ObstacleDataEditor.cs using Guid(8dd7ad1ec31e6e0408b7571893b47031) Importer(2089858483,192608db42251d675da83286b1cce702) (ScriptedImporter) -> (artifact id: '1e9ecc163e9235e0be0c3b09245fdca9') in 0.0326083 seconds
Number of updated asset objects reloaded before import = 0Number of asset objects unloaded after import = 0

========================================================================
Received Prepare
Refreshing native plugins compatible for Editor in 2.12 ms, found 3 plugins.
Preloading 0 native plugins for Editor in 0.00 ms.
Unloading 13 Unused Serialized files (Serialized files now loaded: 0)
Unloading 6095 unused Assets / (4.4 MB). Loaded Objects now: 6881.
Memory consumption went from 146.3 MB to 141.9 MB.
Total: 24.674400 ms (FindLiveObjects: 2.025800 ms CreateObjectMapping: 2.175100 ms MarkObjects: 14.453400 ms  DeleteObjects: 6.016800 ms)

Prepare: number of updated asset objects reloaded= 0
========================================================================
Received Import Request.
  Time since last request: 107.749383 seconds.
  path: Assets/Scripts/ObstacleDataEditor.cs
  artifactKey: Guid(8dd7ad1ec31e6e0408b7571893b47031) Importer(815301076,1909f56bfc062723c751e8b465ee728b)
Start importing Assets/Scripts/ObstacleDataEditor.cs using Guid(8dd7ad1ec31e6e0408b7571893b47031) Importer(815301076,1909f56bfc062723c751e8b465ee728b) (PreviewImporter) -> (artifact id: '6808e55dfe79f7fbe28efbf40eb8774d') in 0.0101083 seconds
Number of updated asset objects reloaded before import = 0Number of asset objects unloaded after import = 0

========================================================================
Received Import Request.
  Time since last request: 0.175363 seconds.
  path: Assets/Scripts/GridObstacleData.cs
  artifactKey: Guid(44da40dd19a6ff34c8e97c6252adb1ef) Importer(2089858483,192608db42251d675da83286b1cce702)
Start importing Assets/Scripts/GridObstacleData.cs using Guid(44da40dd19a6ff34c8e97c6252adb1ef) Importer(2089858483,192608db42251d675da83286b1cce702) (ScriptedImporter) -> (artifact id: 'bd097c0367ae8faece1f8d32f16b0365') in 0.0449575 seconds
Number of updated asset objects reloaded before import = 0Number of asset objects unloaded after import = 0

========================================================================
Received Prepare
Refreshing native plugins compatible for Editor in 2.22 ms, found 3 plugins.
Preloading 0 native plugins for Editor in 0.00 ms.
Unloading 13 Unused Serialized files (Serialized files now loaded: 0)
Unloading 6095 unused Assets / (4.3 MB). Loaded Objects now: 6881.
Memory consumption went from 146.3 MB to 142.0 MB.
Total: 22.056100 ms (FindLiveObjects: 1.507200 ms CreateObjectMapping: 1.371700 ms MarkObjects: 13.425400 ms  DeleteObjects: 5.749700 ms)

Prepare: number of updated asset objects reloaded= 0
========================================================================
Received Import Request.
  Time since last request: 3.921323 seconds.
  path: Assets/Scripts/ObstacleDataEditor.cs
  artifactKey: Guid(8dd7ad1ec31e6e0408b7571893b47031) Importer(815301076,1909f56bfc062723c751e8b465ee728b)
Start importing Assets/Scripts/ObstacleDataEditor.cs using Guid(8dd7ad1ec31e6e0408b7571893b47031) Importer(815301076,1909f56bfc062723c751e8b465ee728b) (PreviewImporter) -> (artifact id: '2601743bb733571f44185b2ea307336e') in 0.0072878 seconds
Number of updated asset objects reloaded before import = 0Number of asset objects unloaded after import = 0

========================================================================
Received Import Request.
  Time since last request: 0.177258 seconds.
  path: Assets/Scripts/ObstacleDataEditor.cs
  artifactKey: Guid(8dd7ad1ec31e6e0408b7571893b47031) Importer(2089858483,192608db42251d675da83286b1cce702)
Start importing Assets/Scripts/ObstacleDataEditor.cs using Guid(8dd7ad1ec31e6e0408b7571893b47031) Importer(2089858483,192608db42251d675da83286b1cce702) (ScriptedImporter) -> (artifact id: '3b088a4c7e22ac3dc468b00e4bd99850') in 0.0615643 seconds
Number of updated asset objects reloaded before import = 0Number of asset objects unloaded after import = 0

========================================================================
Received Import Request.
  Time since last request: 4.438268 seconds.
  path: Assets/Scripts/ObstacleDataEditor.cs
  artifactKey: Guid(8dd7ad1ec31e6e0408b7571893b47031) Importer(815301076,1909f56bfc062723c751e8b465ee728b)
Start importing Assets/Scripts/ObstacleDataEditor.cs using Guid(8dd7ad1ec31e6e0408b7571893b47031) Importer(815301076,1909f56bfc062723c751e8b465ee728b) (PreviewImporter) -> (artifact id: '2601743bb733571f44185b2ea307336e') in 0.0041793 seconds
Number of updated asset objects reloaded before import = 0Number of asset objects unloaded after import = 0

========================================================================
Received Prepare
Refreshing native plugins compatible for Editor in 2.47 ms, found 3 plugins.
Preloading 0 native plugins for Editor in 0.00 ms.
Unloading 13 Unused Serialized files (Serialized files now loaded: 0)
Unloading 6095 unused Assets / (4.5 MB). Loaded Objects now: 6881.
Memory consumption went from 146.3 MB to 141.8 MB.
Total: 28.509200 ms (FindLiveObjects: 1.395500 ms CreateObjectMapping: 1.587800 ms MarkObjects: 18.590900 ms  DeleteObjects: 6.932100 ms)

Prepare: number of updated asset objects reloaded= 0
========================================================================
Received Import Request.
  Time since last request: 34.109104 seconds.
  path: Assets/Scripts/ObstacleDataEditor.cs
  artifactKey: Guid(8dd7ad1ec31e6e0408b7571893b47031) Importer(815301076,1909f56bfc062723c751e8b465ee728b)
Start importing Assets/Scripts/ObstacleDataEditor.cs using Guid(8dd7ad1ec31e6e0408b7571893b47031) Importer(815301076,1909f56bfc062723c751e8b465ee728b) (PreviewImporter) -> (artifact id: '2601743bb733571f44185b2ea307336e') in 0.0074325 seconds
Number of updated asset objects reloaded before import = 0Number of asset objects unloaded after import = 0

========================================================================
Received Import Request.
  Time since last request: 0.192467 seconds.
  path: Assets/Scripts/ToggleUI.cs
  artifactKey: Guid(39df57aff8e5b8d4687e11ba238971b0) Importer(2089858483,192608db42251d675da83286b1cce702)
Start importing Assets/Scripts/ToggleUI.cs using Guid(39df57aff8e5b8d4687e11ba238971b0) Importer(2089858483,192608db42251d675da83286b1cce702) (ScriptedImporter) -> (artifact id: '0bfbf0be0525d254ccb94341bdd41659') in 0.0416463 seconds
Number of updated asset objects reloaded before import = 0Number of asset objects unloaded after import = 0

========================================================================
Received Prepare
Refreshing native plugins compatible for Editor in 2.23 ms, found 3 plugins.
Preloading 0 native plugins for Editor in 0.00 ms.
Unloading 13 Unused Serialized files (Serialized files now loaded: 0)
Unloading 6095 unused Assets / (5.1 MB). Loaded Objects now: 6881.
Memory consumption went from 146.3 MB to 141.2 MB.
Total: 24.052700 ms (FindLiveObjects: 2.106400 ms CreateObjectMapping: 1.969500 ms MarkObjects: 13.132700 ms  DeleteObjects: 6.841800 ms)

Prepare: number of updated asset objects reloaded= 0
========================================================================
Received Import Request.
  Time since last request: 9.305934 seconds.
  path: Assets/Scripts/ObstacleDataEditor.cs
  artifactKey: Guid(8dd7ad1ec31e6e0408b7571893b47031) Importer(815301076,1909f56bfc062723c751e8b465ee728b)
Start importing Assets/Scripts/ObstacleDataEditor.cs using Guid(8dd7ad1ec31e6e0408b7571893b47031) Importer(815301076,1909f56bfc062723c751e8b465ee728b) (PreviewImporter) -> (artifact id: '2601743bb733571f44185b2ea307336e') in 0.0081994 seconds
Number of updated asset objects reloaded before import = 0Number of asset objects unloaded after import = 0

========================================================================
Received Import Request.
  Time since last request: 0.169699 seconds.
  path: Assets/Scripts/ObstacleManage.cs
  artifactKey: Guid(a90da54ec71998943bb798b79bd659a9) Importer(2089858483,192608db42251d675da83286b1cce702)
Start importing Assets/Scripts/ObstacleManage.cs using Guid(a90da54ec71998943bb798b79bd659a9) Importer(2089858483,192608db42251d675da83286b1cce702) (ScriptedImporter) -> (artifact id: 'b7d200a52d5efa9c4852daa9a8317194') in 0.0331902 seconds
Number of updated asset objects reloaded before import = 0Number of asset objects unloaded after import = 0

========================================================================
Received Prepare
Begin MonoManager ReloadAssembly
[Licensing::Client] Successfully resolved entitlement details
- Loaded All Assemblies, in  2.050 seconds
Refreshing native plugins compatible for Editor in 2.15 ms, found 3 plugins.
Native extension for UWP target not found
Native extension for WindowsStandalone target not found
Native extension for WebGL target not found
[Package Manager] Failed to launch server process. Reason: Unity was launched with the -noUpm command-line argument
[Package Manager] Unable to send message (not connected to server process).
[Package Manager] Cannot connect to Unity Package Manager local server
Mono: successfully reloaded assembly
- Finished resetting the current domain, in  1.744 seconds
Domain Reload Profiling: 3795ms
	BeginReloadAssembly (630ms)
		ExecutionOrderSort (0ms)
		DisableScriptedObjects (24ms)
		BackupInstance (0ms)
		ReleaseScriptingObjects (0ms)
		CreateAndSetChildDomain (194ms)
	RebuildCommonClasses (95ms)
	RebuildNativeTypeToScriptingClass (28ms)
	initialDomainReloadingComplete (66ms)
	LoadAllAssembliesAndSetupDomain (1231ms)
		LoadAssemblies (995ms)
		RebuildTransferFunctionScriptingTraits (0ms)
		AnalyzeDomain (480ms)
			TypeCache.Refresh (27ms)
				TypeCache.ScanAssembly (1ms)
			BuildScriptInfoCaches (418ms)
			ResolveRequiredComponents (27ms)
	FinalizeReload (1745ms)
		ReleaseScriptCaches (0ms)
		RebuildScriptCaches (0ms)
		SetupLoadedEditorAssemblies (1364ms)
			LogAssemblyErrors (0ms)
			InitializePlatformSupportModulesInManaged (8ms)
			SetLoadedEditorAssemblies (10ms)
			BeforeProcessingInitializeOnLoad (283ms)
			ProcessInitializeOnLoadAttributes (896ms)
			ProcessInitializeOnLoadMethodAttributes (156ms)
			AfterProcessingInitializeOnLoad (11ms)
			EditorAssembliesLoaded (1ms)
		ExecutionOrderSort2 (0ms)
		AwakeInstancesAfterBackupRestoration (43ms)
Refreshing native plugins compatible for Editor in 2.18 ms, found 3 plugins.
Preloading 0 native plugins for Editor in 0.00 ms.
Unloading 13 Unused Serialized files (Serialized files now loaded: 0)
Unloading 6101 unused Assets / (4.8 MB). Loaded Objects now: 6884.
Memory consumption went from 146.1 MB to 141.3 MB.
Total: 23.479900 ms (FindLiveObjects: 2.114200 ms CreateObjectMapping: 2.129900 ms MarkObjects: 12.752300 ms  DeleteObjects: 6.477800 ms)

Prepare: number of updated asset objects reloaded= 0
========================================================================
Received Prepare
Begin MonoManager ReloadAssembly
- Loaded All Assemblies, in  1.553 seconds
Refreshing native plugins compatible for Editor in 2.27 ms, found 3 plugins.
Native extension for UWP target not found
Native extension for WindowsStandalone target not found
Native extension for WebGL target not found
[Package Manager] Failed to launch server process. Reason: Unity was launched with the -noUpm command-line argument
[Package Manager] Unable to send message (not connected to server process).
[Package Manager] Cannot connect to Unity Package Manager local server
Mono: successfully reloaded assembly
- Finished resetting the current domain, in  1.635 seconds
Domain Reload Profiling: 3190ms
	BeginReloadAssembly (440ms)
		ExecutionOrderSort (0ms)
		DisableScriptedObjects (13ms)
		BackupInstance (0ms)
		ReleaseScriptingObjects (0ms)
		CreateAndSetChildDomain (88ms)
	RebuildCommonClasses (98ms)
	RebuildNativeTypeToScriptingClass (38ms)
	initialDomainReloadingComplete (74ms)
	LoadAllAssembliesAndSetupDomain (903ms)
		LoadAssemblies (775ms)
		RebuildTransferFunctionScriptingTraits (0ms)
		AnalyzeDomain (359ms)
			TypeCache.Refresh (11ms)
				TypeCache.ScanAssembly (0ms)
			BuildScriptInfoCaches (315ms)
			ResolveRequiredComponents (26ms)
	FinalizeReload (1636ms)
		ReleaseScriptCaches (0ms)
		RebuildScriptCaches (0ms)
		SetupLoadedEditorAssemblies (1297ms)
			LogAssemblyErrors (0ms)
			InitializePlatformSupportModulesInManaged (7ms)
			SetLoadedEditorAssemblies (11ms)
			BeforeProcessingInitializeOnLoad (299ms)
			ProcessInitializeOnLoadAttributes (847ms)
			ProcessInitializeOnLoadMethodAttributes (116ms)
			AfterProcessingInitializeOnLoad (16ms)
			EditorAssembliesLoaded (1ms)
		ExecutionOrderSort2 (0ms)
		AwakeInstancesAfterBackupRestoration (35ms)
Refreshing native plugins compatible for Editor in 1.92 ms, found 3 plugins.
Preloading 0 native plugins for Editor in 0.00 ms.
Unloading 13 Unused Serialized files (Serialized files now loaded: 0)
Unloading 6101 unused Assets / (4.0 MB). Loaded Objects now: 6887.
Memory consumption went from 146.1 MB to 142.1 MB.
Total: 18.412100 ms (FindLiveObjects: 1.940600 ms CreateObjectMapping: 1.547100 ms MarkObjects: 10.792100 ms  DeleteObjects: 4.129400 ms)

Prepare: number of updated asset objects reloaded= 0
========================================================================
Received Prepare
Begin MonoManager ReloadAssembly
[Licensing::Client] Successfully resolved entitlement details
- Loaded All Assemblies, in  1.561 seconds
Refreshing native plugins compatible for Editor in 1.57 ms, found 3 plugins.
Native extension for UWP target not found
Native extension for WindowsStandalone target not found
Native extension for WebGL target not found
[Package Manager] Failed to launch server process. Reason: Unity was launched with the -noUpm command-line argument
[Package Manager] Unable to send message (not connected to server process).
[Package Manager] Cannot connect to Unity Package Manager local server
Mono: successfully reloaded assembly
- Finished resetting the current domain, in  1.688 seconds
Domain Reload Profiling: 3245ms
	BeginReloadAssembly (496ms)
		ExecutionOrderSort (0ms)
		DisableScriptedObjects (16ms)
		BackupInstance (0ms)
		ReleaseScriptingObjects (0ms)
		CreateAndSetChildDomain (102ms)
	RebuildCommonClasses (82ms)
	RebuildNativeTypeToScriptingClass (24ms)
	initialDomainReloadingComplete (72ms)
	LoadAllAssembliesAndSetupDomain (883ms)
		LoadAssemblies (733ms)
		RebuildTransferFunctionScriptingTraits (0ms)
		AnalyzeDomain (401ms)
			TypeCache.Refresh (15ms)
				TypeCache.ScanAssembly (0ms)
			BuildScriptInfoCaches (357ms)
			ResolveRequiredComponents (23ms)
	FinalizeReload (1689ms)
		ReleaseScriptCaches (0ms)
		RebuildScriptCaches (0ms)
		SetupLoadedEditorAssemblies (1315ms)
			LogAssemblyErrors (0ms)
			InitializePlatformSupportModulesInManaged (6ms)
			SetLoadedEditorAssemblies (13ms)
			BeforeProcessingInitializeOnLoad (283ms)
			ProcessInitializeOnLoadAttributes (871ms)
			ProcessInitializeOnLoadMethodAttributes (131ms)
			AfterProcessingInitializeOnLoad (9ms)
			EditorAssembliesLoaded (1ms)
		ExecutionOrderSort2 (0ms)
		AwakeInstancesAfterBackupRestoration (33ms)
Refreshing native plugins compatible for Editor in 1.67 ms, found 3 plugins.
Preloading 0 native plugins for Editor in 0.00 ms.
Unloading 13 Unused Serialized files (Serialized files now loaded: 0)
Unloading 6101 unused Assets / (4.5 MB). Loaded Objects now: 6890.
Memory consumption went from 146.2 MB to 141.7 MB.
Total: 16.703800 ms (FindLiveObjects: 1.253800 ms CreateObjectMapping: 0.815600 ms MarkObjects: 9.647000 ms  DeleteObjects: 4.985400 ms)

Prepare: number of updated asset objects reloaded= 0
========================================================================
Received Prepare
Begin MonoManager ReloadAssembly
[Licensing::Client] Successfully resolved entitlement details
- Loaded All Assemblies, in  1.563 seconds
Refreshing native plugins compatible for Editor in 2.15 ms, found 3 plugins.
Native extension for UWP target not found
Native extension for WindowsStandalone target not found
Native extension for WebGL target not found
[Package Manager] Failed to launch server process. Reason: Unity was launched with the -noUpm command-line argument
[Package Manager] Unable to send message (not connected to server process).
[Package Manager] Cannot connect to Unity Package Manager local server
Mono: successfully reloaded assembly
- Finished resetting the current domain, in  1.612 seconds
Domain Reload Profiling: 3178ms
	BeginReloadAssembly (467ms)
		ExecutionOrderSort (0ms)
		DisableScriptedObjects (14ms)
		BackupInstance (0ms)
		ReleaseScriptingObjects (0ms)
		CreateAndSetChildDomain (91ms)
	RebuildCommonClasses (86ms)
	RebuildNativeTypeToScriptingClass (35ms)
	initialDomainReloadingComplete (65ms)
	LoadAllAssembliesAndSetupDomain (912ms)
		LoadAssemblies (761ms)
		RebuildTransferFunctionScriptingTraits (0ms)
		AnalyzeDomain (375ms)
			TypeCache.Refresh (11ms)
				TypeCache.ScanAssembly (0ms)
			BuildScriptInfoCaches (325ms)
			ResolveRequiredComponents (28ms)
	FinalizeReload (1613ms)
		ReleaseScriptCaches (0ms)
		RebuildScriptCaches (0ms)
		SetupLoadedEditorAssemblies (1281ms)
			LogAssemblyErrors (0ms)
			InitializePlatformSupportModulesInManaged (7ms)
			SetLoadedEditorAssemblies (11ms)
			BeforeProcessingInitializeOnLoad (292ms)
			ProcessInitializeOnLoadAttributes (830ms)
			ProcessInitializeOnLoadMethodAttributes (127ms)
			AfterProcessingInitializeOnLoad (14ms)
			EditorAssembliesLoaded (1ms)
		ExecutionOrderSort2 (0ms)
		AwakeInstancesAfterBackupRestoration (34ms)
Refreshing native plugins compatible for Editor in 1.86 ms, found 3 plugins.
Preloading 0 native plugins for Editor in 0.00 ms.
Unloading 13 Unused Serialized files (Serialized files now loaded: 0)
Unloading 6101 unused Assets / (4.3 MB). Loaded Objects now: 6893.
Memory consumption went from 146.2 MB to 141.9 MB.
Total: 17.191000 ms (FindLiveObjects: 2.179000 ms CreateObjectMapping: 1.658100 ms MarkObjects: 9.193100 ms  DeleteObjects: 4.158300 ms)

Prepare: number of updated asset objects reloaded= 0
========================================================================
Received Prepare
Refreshing native plugins compatible for Editor in 2.31 ms, found 3 plugins.
Preloading 0 native plugins for Editor in 0.00 ms.
Unloading 13 Unused Serialized files (Serialized files now loaded: 0)
Unloading 6095 unused Assets / (4.1 MB). Loaded Objects now: 6893.
Memory consumption went from 146.4 MB to 142.3 MB.
Total: 25.368100 ms (FindLiveObjects: 1.833500 ms CreateObjectMapping: 2.528500 ms MarkObjects: 13.585700 ms  DeleteObjects: 7.417900 ms)

Prepare: number of updated asset objects reloaded= 0
========================================================================
Received Prepare
Refreshing native plugins compatible for Editor in 2.18 ms, found 3 plugins.
Preloading 0 native plugins for Editor in 0.00 ms.
Unloading 13 Unused Serialized files (Serialized files now loaded: 0)
Unloading 6095 unused Assets / (4.3 MB). Loaded Objects now: 6893.
Memory consumption went from 146.4 MB to 142.1 MB.
Total: 20.739700 ms (FindLiveObjects: 1.237300 ms CreateObjectMapping: 1.078700 ms MarkObjects: 12.325100 ms  DeleteObjects: 6.096200 ms)

Prepare: number of updated asset objects reloaded= 0
========================================================================
Received Prepare
Begin MonoManager ReloadAssembly
[Licensing::Client] Successfully resolved entitlement details
- Loaded All Assemblies, in  2.022 seconds
Refreshing native plugins compatible for Editor in 2.03 ms, found 3 plugins.
Native extension for UWP target not found
Native extension for WindowsStandalone target not found
Native extension for WebGL target not found
[Package Manager] Failed to launch server process. Reason: Unity was launched with the -noUpm command-line argument
[Package Manager] Unable to send message (not connected to server process).
[Package Manager] Cannot connect to Unity Package Manager local server
Mono: successfully reloaded assembly
- Finished resetting the current domain, in  2.025 seconds
Domain Reload Profiling: 4046ms
	BeginReloadAssembly (585ms)
		ExecutionOrderSort (0ms)
		DisableScriptedObjects (18ms)
		BackupInstance (0ms)
		ReleaseScriptingObjects (0ms)
		CreateAndSetChildDomain (107ms)
	RebuildCommonClasses (114ms)
	RebuildNativeTypeToScriptingClass (39ms)
	initialDomainReloadingComplete (84ms)
	LoadAllAssembliesAndSetupDomain (1198ms)
		LoadAssemblies (1011ms)
		RebuildTransferFunctionScriptingTraits (0ms)
		AnalyzeDomain (487ms)
			TypeCache.Refresh (14ms)
				TypeCache.ScanAssembly (0ms)
			BuildScriptInfoCaches (431ms)
			ResolveRequiredComponents (32ms)
	FinalizeReload (2026ms)
		ReleaseScriptCaches (0ms)
		RebuildScriptCaches (0ms)
		SetupLoadedEditorAssemblies (1573ms)
			LogAssemblyErrors (0ms)
			InitializePlatformSupportModulesInManaged (9ms)
			SetLoadedEditorAssemblies (13ms)
			BeforeProcessingInitializeOnLoad (370ms)
			ProcessInitializeOnLoadAttributes (1012ms)
			ProcessInitializeOnLoadMethodAttributes (152ms)
			AfterProcessingInitializeOnLoad (16ms)
			EditorAssembliesLoaded (1ms)
		ExecutionOrderSort2 (0ms)
		AwakeInstancesAfterBackupRestoration (41ms)
Refreshing native plugins compatible for Editor in 2.31 ms, found 3 plugins.
Preloading 0 native plugins for Editor in 0.00 ms.
Unloading 13 Unused Serialized files (Serialized files now loaded: 0)
Unloading 6101 unused Assets / (4.7 MB). Loaded Objects now: 6896.
Memory consumption went from 146.3 MB to 141.6 MB.
Total: 23.004300 ms (FindLiveObjects: 1.633400 ms CreateObjectMapping: 2.045900 ms MarkObjects: 12.905900 ms  DeleteObjects: 6.417100 ms)

Prepare: number of updated asset objects reloaded= 0
========================================================================
Received Prepare
Refreshing native plugins compatible for Editor in 1.93 ms, found 3 plugins.
Preloading 0 native plugins for Editor in 0.00 ms.
Unloading 13 Unused Serialized files (Serialized files now loaded: 0)
Unloading 6095 unused Assets / (4.5 MB). Loaded Objects now: 6896.
Memory consumption went from 146.4 MB to 141.9 MB.
Total: 21.794300 ms (FindLiveObjects: 1.265700 ms CreateObjectMapping: 0.813200 ms MarkObjects: 13.628300 ms  DeleteObjects: 6.085300 ms)

Prepare: number of updated asset objects reloaded= 0
========================================================================
Received Prepare
Begin MonoManager ReloadAssembly
- Loaded All Assemblies, in  1.862 seconds
Refreshing native plugins compatible for Editor in 2.03 ms, found 3 plugins.
Native extension for UWP target not found
Native extension for WindowsStandalone target not found
Native extension for WebGL target not found
[Package Manager] Failed to launch server process. Reason: Unity was launched with the -noUpm command-line argument
[Package Manager] Unable to send message (not connected to server process).
[Package Manager] Cannot connect to Unity Package Manager local server
Mono: successfully reloaded assembly
- Finished resetting the current domain, in  1.861 seconds
Domain Reload Profiling: 3721ms
	BeginReloadAssembly (536ms)
		ExecutionOrderSort (0ms)
		DisableScriptedObjects (17ms)
		BackupInstance (0ms)
		ReleaseScriptingObjects (0ms)
		CreateAndSetChildDomain (103ms)
	RebuildCommonClasses (115ms)
	RebuildNativeTypeToScriptingClass (40ms)
	initialDomainReloadingComplete (77ms)
	LoadAllAssembliesAndSetupDomain (1092ms)
		LoadAssemblies (885ms)
		RebuildTransferFunctionScriptingTraits (0ms)
		AnalyzeDomain (473ms)
			TypeCache.Refresh (25ms)
				TypeCache.ScanAssembly (1ms)
			BuildScriptInfoCaches (412ms)
			ResolveRequiredComponents (27ms)
	FinalizeReload (1862ms)
		ReleaseScriptCaches (0ms)
		RebuildScriptCaches (0ms)
		SetupLoadedEditorAssemblies (1439ms)
			LogAssemblyErrors (0ms)
			InitializePlatformSupportModulesInManaged (9ms)
			SetLoadedEditorAssemblies (15ms)
			BeforeProcessingInitializeOnLoad (334ms)
			ProcessInitializeOnLoadAttributes (936ms)
			ProcessInitializeOnLoadMethodAttributes (133ms)
			AfterProcessingInitializeOnLoad (12ms)
			EditorAssembliesLoaded (1ms)
		ExecutionOrderSort2 (0ms)
		AwakeInstancesAfterBackupRestoration (40ms)
Refreshing native plugins compatible for Editor in 2.38 ms, found 3 plugins.
Preloading 0 native plugins for Editor in 0.00 ms.
Unloading 13 Unused Serialized files (Serialized files now loaded: 0)
Unloading 6101 unused Assets / (4.8 MB). Loaded Objects now: 6899.
Memory consumption went from 146.3 MB to 141.5 MB.
Total: 19.868700 ms (FindLiveObjects: 1.550500 ms CreateObjectMapping: 1.516300 ms MarkObjects: 10.364000 ms  DeleteObjects: 6.436000 ms)

Prepare: number of updated asset objects reloaded= 0
========================================================================
Received Prepare
Begin MonoManager ReloadAssembly
[Licensing::Client] Successfully resolved entitlement details
- Loaded All Assemblies, in  0.844 seconds
Refreshing native plugins compatible for Editor in 0.74 ms, found 3 plugins.
Native extension for UWP target not found
Native extension for WindowsStandalone target not found
Native extension for WebGL target not found
[Package Manager] Failed to launch server process. Reason: Unity was launched with the -noUpm command-line argument
[Package Manager] Unable to send message (not connected to server process).
[Package Manager] Cannot connect to Unity Package Manager local server
Mono: successfully reloaded assembly
- Finished resetting the current domain, in  0.884 seconds
Domain Reload Profiling: 1731ms
	BeginReloadAssembly (256ms)
		ExecutionOrderSort (0ms)
		DisableScriptedObjects (7ms)
		BackupInstance (0ms)
		ReleaseScriptingObjects (0ms)
		CreateAndSetChildDomain (68ms)
	RebuildCommonClasses (42ms)
	RebuildNativeTypeToScriptingClass (19ms)
	initialDomainReloadingComplete (34ms)
	LoadAllAssembliesAndSetupDomain (495ms)
		LoadAssemblies (421ms)
		RebuildTransferFunctionScriptingTraits (0ms)
		AnalyzeDomain (187ms)
			TypeCache.Refresh (7ms)
				TypeCache.ScanAssembly (0ms)
			BuildScriptInfoCaches (163ms)
			ResolveRequiredComponents (13ms)
	FinalizeReload (885ms)
		ReleaseScriptCaches (0ms)
		RebuildScriptCaches (0ms)
		SetupLoadedEditorAssemblies (693ms)
			LogAssemblyErrors (0ms)
			InitializePlatformSupportModulesInManaged (3ms)
			SetLoadedEditorAssemblies (6ms)
			BeforeProcessingInitializeOnLoad (135ms)
			ProcessInitializeOnLoadAttributes (464ms)
			ProcessInitializeOnLoadMethodAttributes (76ms)
			AfterProcessingInitializeOnLoad (8ms)
			EditorAssembliesLoaded (1ms)
		ExecutionOrderSort2 (0ms)
		AwakeInstancesAfterBackupRestoration (29ms)
Refreshing native plugins compatible for Editor in 1.26 ms, found 3 plugins.
Preloading 0 native plugins for Editor in 0.00 ms.
Unloading 13 Unused Serialized files (Serialized files now loaded: 0)
Unloading 6101 unused Assets / (5.5 MB). Loaded Objects now: 6902.
Memory consumption went from 146.3 MB to 140.8 MB.
Total: 24.208600 ms (FindLiveObjects: 1.603100 ms CreateObjectMapping: 1.985300 ms MarkObjects: 10.077100 ms  DeleteObjects: 10.539400 ms)

Prepare: number of updated asset objects reloaded= 0
========================================================================
Received Prepare
Begin MonoManager ReloadAssembly
[Licensing::Client] Successfully resolved entitlement details
- Loaded All Assemblies, in  0.847 seconds
Refreshing native plugins compatible for Editor in 0.70 ms, found 3 plugins.
Native extension for UWP target not found
Native extension for WindowsStandalone target not found
Native extension for WebGL target not found
[Package Manager] Failed to launch server process. Reason: Unity was launched with the -noUpm command-line argument
[Package Manager] Unable to send message (not connected to server process).
[Package Manager] Cannot connect to Unity Package Manager local server
Mono: successfully reloaded assembly
- Finished resetting the current domain, in  0.908 seconds
Domain Reload Profiling: 1759ms
	BeginReloadAssembly (265ms)
		ExecutionOrderSort (0ms)
		DisableScriptedObjects (7ms)
		BackupInstance (0ms)
		ReleaseScriptingObjects (0ms)
		CreateAndSetChildDomain (63ms)
	RebuildCommonClasses (42ms)
	RebuildNativeTypeToScriptingClass (13ms)
	initialDomainReloadingComplete (31ms)
	LoadAllAssembliesAndSetupDomain (498ms)
		LoadAssemblies (420ms)
		RebuildTransferFunctionScriptingTraits (0ms)
		AnalyzeDomain (202ms)
			TypeCache.Refresh (6ms)
				TypeCache.ScanAssembly (0ms)
			BuildScriptInfoCaches (177ms)
			ResolveRequiredComponents (13ms)
	FinalizeReload (909ms)
		ReleaseScriptCaches (0ms)
		RebuildScriptCaches (0ms)
		SetupLoadedEditorAssemblies (726ms)
			LogAssemblyErrors (0ms)
			InitializePlatformSupportModulesInManaged (3ms)
			SetLoadedEditorAssemblies (5ms)
			BeforeProcessingInitializeOnLoad (151ms)
			ProcessInitializeOnLoadAttributes (478ms)
			ProcessInitializeOnLoadMethodAttributes (81ms)
			AfterProcessingInitializeOnLoad (7ms)
			EditorAssembliesLoaded (0ms)
		ExecutionOrderSort2 (0ms)
		AwakeInstancesAfterBackupRestoration (24ms)
Refreshing native plugins compatible for Editor in 1.55 ms, found 3 plugins.
Preloading 0 native plugins for Editor in 0.00 ms.
Unloading 13 Unused Serialized files (Serialized files now loaded: 0)
Unloading 6101 unused Assets / (5.0 MB). Loaded Objects now: 6905.
Memory consumption went from 146.4 MB to 141.4 MB.
Total: 20.607800 ms (FindLiveObjects: 1.233800 ms CreateObjectMapping: 0.879100 ms MarkObjects: 10.155600 ms  DeleteObjects: 8.336400 ms)

Prepare: number of updated asset objects reloaded= 0
========================================================================
Received Prepare
Refreshing native plugins compatible for Editor in 1.94 ms, found 3 plugins.
Preloading 0 native plugins for Editor in 0.00 ms.
Unloading 13 Unused Serialized files (Serialized files now loaded: 0)
Unloading 6095 unused Assets / (4.8 MB). Loaded Objects now: 6905.
Memory consumption went from 146.6 MB to 141.8 MB.
Total: 27.163500 ms (FindLiveObjects: 3.714200 ms CreateObjectMapping: 1.916200 ms MarkObjects: 12.558200 ms  DeleteObjects: 8.969600 ms)

Prepare: number of updated asset objects reloaded= 0
========================================================================
Received Prepare
Refreshing native plugins compatible for Editor in 1.54 ms, found 3 plugins.
Preloading 0 native plugins for Editor in 0.00 ms.
Unloading 13 Unused Serialized files (Serialized files now loaded: 0)
Unloading 6095 unused Assets / (4.8 MB). Loaded Objects now: 6905.
Memory consumption went from 146.6 MB to 141.8 MB.
Total: 21.381600 ms (FindLiveObjects: 1.810400 ms CreateObjectMapping: 1.693600 ms MarkObjects: 10.628800 ms  DeleteObjects: 7.246000 ms)

Prepare: number of updated asset objects reloaded= 0
========================================================================
Received Prepare
Refreshing native plugins compatible for Editor in 1.37 ms, found 3 plugins.
Preloading 0 native plugins for Editor in 0.00 ms.
Unloading 13 Unused Serialized files (Serialized files now loaded: 0)
Unloading 6095 unused Assets / (3.9 MB). Loaded Objects now: 6905.
Memory consumption went from 146.6 MB to 142.7 MB.
Total: 22.905500 ms (FindLiveObjects: 1.634200 ms CreateObjectMapping: 1.354800 ms MarkObjects: 9.263500 ms  DeleteObjects: 10.650900 ms)

Prepare: number of updated asset objects reloaded= 0
========================================================================
Received Prepare
Refreshing native plugins compatible for Editor in 1.33 ms, found 3 plugins.
Preloading 0 native plugins for Editor in 0.00 ms.
Unloading 13 Unused Serialized files (Serialized files now loaded: 0)
Unloading 6095 unused Assets / (4.2 MB). Loaded Objects now: 6905.
Memory consumption went from 146.6 MB to 142.3 MB.
Total: 30.093300 ms (FindLiveObjects: 1.545300 ms CreateObjectMapping: 1.112600 ms MarkObjects: 9.587000 ms  DeleteObjects: 17.846100 ms)

Prepare: number of updated asset objects reloaded= 0
========================================================================
Received Prepare
Refreshing native plugins compatible for Editor in 0.89 ms, found 3 plugins.
Preloading 0 native plugins for Editor in 0.00 ms.
Unloading 13 Unused Serialized files (Serialized files now loaded: 0)
Unloading 6095 unused Assets / (4.9 MB). Loaded Objects now: 6905.
Memory consumption went from 146.6 MB to 141.7 MB.
Total: 11.836200 ms (FindLiveObjects: 0.941300 ms CreateObjectMapping: 0.542100 ms MarkObjects: 6.004400 ms  DeleteObjects: 4.347200 ms)

Prepare: number of updated asset objects reloaded= 0
========================================================================
Received Prepare
Refreshing native plugins compatible for Editor in 1.20 ms, found 3 plugins.
Preloading 0 native plugins for Editor in 0.00 ms.
Unloading 13 Unused Serialized files (Serialized files now loaded: 0)
Unloading 6095 unused Assets / (4.9 MB). Loaded Objects now: 6905.
Memory consumption went from 146.6 MB to 141.6 MB.
Total: 13.860800 ms (FindLiveObjects: 1.009200 ms CreateObjectMapping: 0.714500 ms MarkObjects: 7.175300 ms  DeleteObjects: 4.960400 ms)

Prepare: number of updated asset objects reloaded= 0
========================================================================
Received Prepare
Begin MonoManager ReloadAssembly
[Licensing::Client] Successfully resolved entitlement details
- Loaded All Assemblies, in  1.384 seconds
Refreshing native plugins compatible for Editor in 1.85 ms, found 3 plugins.
Native extension for UWP target not found
Native extension for WindowsStandalone target not found
Native extension for WebGL target not found
[Package Manager] Failed to launch server process. Reason: Unity was launched with the -noUpm command-line argument
[Package Manager] Unable to send message (not connected to server process).
[Package Manager] Cannot connect to Unity Package Manager local server
Mono: successfully reloaded assembly
- Finished resetting the current domain, in  0.879 seconds
Domain Reload Profiling: 2267ms
	BeginReloadAssembly (397ms)
		ExecutionOrderSort (0ms)
		DisableScriptedObjects (20ms)
		BackupInstance (0ms)
		ReleaseScriptingObjects (0ms)
		CreateAndSetChildDomain (115ms)
	RebuildCommonClasses (48ms)
	RebuildNativeTypeToScriptingClass (16ms)
	initialDomainReloadingComplete (40ms)
	LoadAllAssembliesAndSetupDomain (886ms)
		LoadAssemblies (766ms)
		RebuildTransferFunctionScriptingTraits (0ms)
		AnalyzeDomain (274ms)
			TypeCache.Refresh (20ms)
				TypeCache.ScanAssembly (1ms)
			BuildScriptInfoCaches (223ms)
			ResolveRequiredComponents (24ms)
	FinalizeReload (879ms)
		ReleaseScriptCaches (0ms)
		RebuildScriptCaches (0ms)
		SetupLoadedEditorAssemblies (642ms)
			LogAssemblyErrors (0ms)
			InitializePlatformSupportModulesInManaged (4ms)
			SetLoadedEditorAssemblies (5ms)
			BeforeProcessingInitializeOnLoad (163ms)
			ProcessInitializeOnLoadAttributes (411ms)
			ProcessInitializeOnLoadMethodAttributes (54ms)
			AfterProcessingInitializeOnLoad (5ms)
			EditorAssembliesLoaded (0ms)
		ExecutionOrderSort2 (0ms)
		AwakeInstancesAfterBackupRestoration (18ms)
Refreshing native plugins compatible for Editor in 0.98 ms, found 3 plugins.
Preloading 0 native plugins for Editor in 0.00 ms.
Unloading 13 Unused Serialized files (Serialized files now loaded: 0)
Unloading 6101 unused Assets / (5.2 MB). Loaded Objects now: 6908.
Memory consumption went from 146.4 MB to 141.2 MB.
Total: 20.594800 ms (FindLiveObjects: 3.145000 ms CreateObjectMapping: 1.847000 ms MarkObjects: 9.488300 ms  DeleteObjects: 6.112900 ms)

Prepare: number of updated asset objects reloaded= 0
========================================================================
Received Import Request.
  Time since last request: 1452.792343 seconds.
  path: Assets/GridObstacleData.asset
  artifactKey: Guid(a773e8a04e80198498fb42d03a359a69) Importer(815301076,1909f56bfc062723c751e8b465ee728b)
Start importing Assets/GridObstacleData.asset using Guid(a773e8a04e80198498fb42d03a359a69) Importer(815301076,1909f56bfc062723c751e8b465ee728b) (PreviewImporter) -> (artifact id: '6dd348dd82efebf1e38d66747a6f5f85') in 0.9959549 seconds
Number of updated asset objects reloaded before import = 0Number of asset objects unloaded after import = 1

========================================================================
Received Prepare
Begin MonoManager ReloadAssembly
- Loaded All Assemblies, in  0.890 seconds
Refreshing native plugins compatible for Editor in 0.92 ms, found 3 plugins.
Native extension for UWP target not found
Native extension for WindowsStandalone target not found
Native extension for WebGL target not found
[Package Manager] Failed to launch server process. Reason: Unity was launched with the -noUpm command-line argument
[Package Manager] Unable to send message (not connected to server process).
[Package Manager] Cannot connect to Unity Package Manager local server
Mono: successfully reloaded assembly
- Finished resetting the current domain, in  0.915 seconds
Domain Reload Profiling: 1810ms
	BeginReloadAssembly (278ms)
		ExecutionOrderSort (0ms)
		DisableScriptedObjects (7ms)
		BackupInstance (0ms)
		ReleaseScriptingObjects (0ms)
		CreateAndSetChildDomain (73ms)
	RebuildCommonClasses (46ms)
	RebuildNativeTypeToScriptingClass (16ms)
	initialDomainReloadingComplete (32ms)
	LoadAllAssembliesAndSetupDomain (522ms)
		LoadAssemblies (444ms)
		RebuildTransferFunctionScriptingTraits (0ms)
		AnalyzeDomain (205ms)
			TypeCache.Refresh (8ms)
				TypeCache.ScanAssembly (0ms)
			BuildScriptInfoCaches (180ms)
			ResolveRequiredComponents (13ms)
	FinalizeReload (916ms)
		ReleaseScriptCaches (0ms)
		RebuildScriptCaches (0ms)
		SetupLoadedEditorAssemblies (715ms)
			LogAssemblyErrors (0ms)
			InitializePlatformSupportModulesInManaged (6ms)
			SetLoadedEditorAssemblies (7ms)
			BeforeProcessingInitializeOnLoad (151ms)
			ProcessInitializeOnLoadAttributes (461ms)
			ProcessInitializeOnLoadMethodAttributes (82ms)
			AfterProcessingInitializeOnLoad (7ms)
			EditorAssembliesLoaded (0ms)
		ExecutionOrderSort2 (0ms)
		AwakeInstancesAfterBackupRestoration (25ms)
Refreshing native plugins compatible for Editor in 1.39 ms, found 3 plugins.
Preloading 0 native plugins for Editor in 0.00 ms.
Unloading 13 Unused Serialized files (Serialized files now loaded: 0)
Unloading 6101 unused Assets / (4.9 MB). Loaded Objects now: 6911.
Memory consumption went from 146.5 MB to 141.6 MB.
Total: 21.658000 ms (FindLiveObjects: 2.799100 ms CreateObjectMapping: 1.800500 ms MarkObjects: 9.182800 ms  DeleteObjects: 7.872600 ms)

Prepare: number of updated asset objects reloaded= 0
========================================================================
Received Prepare
Begin MonoManager ReloadAssembly
[Licensing::Client] Successfully resolved entitlement details
- Loaded All Assemblies, in  0.857 seconds
Refreshing native plugins compatible for Editor in 0.79 ms, found 3 plugins.
Native extension for UWP target not found
Native extension for WindowsStandalone target not found
Native extension for WebGL target not found
[Package Manager] Failed to launch server process. Reason: Unity was launched with the -noUpm command-line argument
[Package Manager] Unable to send message (not connected to server process).
[Package Manager] Cannot connect to Unity Package Manager local server
Mono: successfully reloaded assembly
- Finished resetting the current domain, in  0.904 seconds
Domain Reload Profiling: 1764ms
	BeginReloadAssembly (256ms)
		ExecutionOrderSort (0ms)
		DisableScriptedObjects (8ms)
		BackupInstance (0ms)
		ReleaseScriptingObjects (0ms)
		CreateAndSetChildDomain (61ms)
	RebuildCommonClasses (39ms)
	RebuildNativeTypeToScriptingClass (12ms)
	initialDomainReloadingComplete (35ms)
	LoadAllAssembliesAndSetupDomain (517ms)
		LoadAssemblies (427ms)
		RebuildTransferFunctionScriptingTraits (0ms)
		AnalyzeDomain (209ms)
			TypeCache.Refresh (7ms)
				TypeCache.ScanAssembly (0ms)
			BuildScriptInfoCaches (184ms)
			ResolveRequiredComponents (13ms)
	FinalizeReload (905ms)
		ReleaseScriptCaches (0ms)
		RebuildScriptCaches (0ms)
		SetupLoadedEditorAssemblies (720ms)
			LogAssemblyErrors (0ms)
			InitializePlatformSupportModulesInManaged (4ms)
			SetLoadedEditorAssemblies (5ms)
			BeforeProcessingInitializeOnLoad (152ms)
			ProcessInitializeOnLoadAttributes (472ms)
			ProcessInitializeOnLoadMethodAttributes (80ms)
			AfterProcessingInitializeOnLoad (6ms)
			EditorAssembliesLoaded (0ms)
		ExecutionOrderSort2 (0ms)
		AwakeInstancesAfterBackupRestoration (26ms)
Refreshing native plugins compatible for Editor in 1.11 ms, found 3 plugins.
Preloading 0 native plugins for Editor in 0.00 ms.
Unloading 13 Unused Serialized files (Serialized files now loaded: 0)
Unloading 6101 unused Assets / (4.8 MB). Loaded Objects now: 6914.
Memory consumption went from 146.5 MB to 141.7 MB.
Total: 17.446100 ms (FindLiveObjects: 1.375900 ms CreateObjectMapping: 1.806700 ms MarkObjects: 9.492200 ms  DeleteObjects: 4.769500 ms)

Prepare: number of updated asset objects reloaded= 0
========================================================================
Received Prepare
Begin MonoManager ReloadAssembly
[Licensing::Client] Successfully resolved entitlement details
- Loaded All Assemblies, in  0.846 seconds
Refreshing native plugins compatible for Editor in 0.80 ms, found 3 plugins.
Native extension for UWP target not found
Native extension for WindowsStandalone target not found
Native extension for WebGL target not found
[Package Manager] Failed to launch server process. Reason: Unity was launched with the -noUpm command-line argument
[Package Manager] Unable to send message (not connected to server process).
[Package Manager] Cannot connect to Unity Package Manager local server
Mono: successfully reloaded assembly
- Finished resetting the current domain, in  0.880 seconds
Domain Reload Profiling: 1729ms
	BeginReloadAssembly (273ms)
		ExecutionOrderSort (0ms)
		DisableScriptedObjects (8ms)
		BackupInstance (0ms)
		ReleaseScriptingObjects (0ms)
		CreateAndSetChildDomain (74ms)
	RebuildCommonClasses (37ms)
	RebuildNativeTypeToScriptingClass (12ms)
	initialDomainReloadingComplete (34ms)
	LoadAllAssembliesAndSetupDomain (493ms)
		LoadAssemblies (416ms)
		RebuildTransferFunctionScriptingTraits (0ms)
		AnalyzeDomain (199ms)
			TypeCache.Refresh (10ms)
				TypeCache.ScanAssembly (0ms)
			BuildScriptInfoCaches (172ms)
			ResolveRequiredComponents (12ms)
	FinalizeReload (880ms)
		ReleaseScriptCaches (0ms)
		RebuildScriptCaches (0ms)
		SetupLoadedEditorAssemblies (693ms)
			LogAssemblyErrors (0ms)
			InitializePlatformSupportModulesInManaged (3ms)
			SetLoadedEditorAssemblies (6ms)
			BeforeProcessingInitializeOnLoad (138ms)
			ProcessInitializeOnLoadAttributes (453ms)
			ProcessInitializeOnLoadMethodAttributes (84ms)
			AfterProcessingInitializeOnLoad (7ms)
			EditorAssembliesLoaded (0ms)
		ExecutionOrderSort2 (0ms)
		AwakeInstancesAfterBackupRestoration (25ms)
Refreshing native plugins compatible for Editor in 1.47 ms, found 3 plugins.
Preloading 0 native plugins for Editor in 0.00 ms.
Unloading 13 Unused Serialized files (Serialized files now loaded: 0)
Unloading 6101 unused Assets / (4.9 MB). Loaded Objects now: 6917.
Memory consumption went from 146.5 MB to 141.6 MB.
Total: 20.414400 ms (FindLiveObjects: 1.556700 ms CreateObjectMapping: 1.907900 ms MarkObjects: 9.628800 ms  DeleteObjects: 7.317000 ms)

Prepare: number of updated asset objects reloaded= 0
========================================================================
Received Prepare
Refreshing native plugins compatible for Editor in 1.15 ms, found 3 plugins.
Preloading 0 native plugins for Editor in 0.00 ms.
Unloading 13 Unused Serialized files (Serialized files now loaded: 0)
Unloading 6095 unused Assets / (5.3 MB). Loaded Objects now: 6917.
Memory consumption went from 146.7 MB to 141.5 MB.
Total: 16.192600 ms (FindLiveObjects: 1.324800 ms CreateObjectMapping: 1.170600 ms MarkObjects: 8.423000 ms  DeleteObjects: 5.272100 ms)

Prepare: number of updated asset objects reloaded= 0
========================================================================
Received Prepare
Begin MonoManager ReloadAssembly
[Licensing::Client] Successfully resolved entitlement details
- Loaded All Assemblies, in  1.034 seconds
Refreshing native plugins compatible for Editor in 0.79 ms, found 3 plugins.
Native extension for UWP target not found
Native extension for WindowsStandalone target not found
Native extension for WebGL target not found
[Package Manager] Failed to launch server process. Reason: Unity was launched with the -noUpm command-line argument
[Package Manager] Unable to send message (not connected to server process).
[Package Manager] Cannot connect to Unity Package Manager local server
Mono: successfully reloaded assembly
- Finished resetting the current domain, in  0.900 seconds
Domain Reload Profiling: 1936ms
	BeginReloadAssembly (291ms)
		ExecutionOrderSort (0ms)
		DisableScriptedObjects (7ms)
		BackupInstance (0ms)
		ReleaseScriptingObjects (0ms)
		CreateAndSetChildDomain (65ms)
	RebuildCommonClasses (51ms)
	RebuildNativeTypeToScriptingClass (17ms)
	initialDomainReloadingComplete (42ms)
	LoadAllAssembliesAndSetupDomain (635ms)
		LoadAssemblies (516ms)
		RebuildTransferFunctionScriptingTraits (0ms)
		AnalyzeDomain (262ms)
			TypeCache.Refresh (16ms)
				TypeCache.ScanAssembly (0ms)
			BuildScriptInfoCaches (224ms)
			ResolveRequiredComponents (16ms)
	FinalizeReload (900ms)
		ReleaseScriptCaches (0ms)
		RebuildScriptCaches (0ms)
		SetupLoadedEditorAssemblies (721ms)
			LogAssemblyErrors (0ms)
			InitializePlatformSupportModulesInManaged (4ms)
			SetLoadedEditorAssemblies (8ms)
			BeforeProcessingInitializeOnLoad (175ms)
			ProcessInitializeOnLoadAttributes (459ms)
			ProcessInitializeOnLoadMethodAttributes (66ms)
			AfterProcessingInitializeOnLoad (9ms)
			EditorAssembliesLoaded (0ms)
		ExecutionOrderSort2 (0ms)
		AwakeInstancesAfterBackupRestoration (17ms)
Refreshing native plugins compatible for Editor in 1.28 ms, found 3 plugins.
Preloading 0 native plugins for Editor in 0.00 ms.
Unloading 13 Unused Serialized files (Serialized files now loaded: 0)
Unloading 6101 unused Assets / (4.7 MB). Loaded Objects now: 6920.
Memory consumption went from 146.6 MB to 141.9 MB.
Total: 13.414000 ms (FindLiveObjects: 1.422600 ms CreateObjectMapping: 1.020800 ms MarkObjects: 6.378500 ms  DeleteObjects: 4.588700 ms)

Prepare: number of updated asset objects reloaded= 0
========================================================================
Received Prepare
Refreshing native plugins compatible for Editor in 1.75 ms, found 3 plugins.
Preloading 0 native plugins for Editor in 0.00 ms.
Unloading 13 Unused Serialized files (Serialized files now loaded: 0)
Unloading 6095 unused Assets / (5.0 MB). Loaded Objects now: 6920.
Memory consumption went from 146.8 MB to 141.8 MB.
Total: 25.255200 ms (FindLiveObjects: 1.566800 ms CreateObjectMapping: 1.297800 ms MarkObjects: 13.936000 ms  DeleteObjects: 8.451200 ms)

Prepare: number of updated asset objects reloaded= 0
========================================================================
Received Prepare
Begin MonoManager ReloadAssembly
- Loaded All Assemblies, in  1.044 seconds
Refreshing native plugins compatible for Editor in 0.99 ms, found 3 plugins.
Native extension for UWP target not found
Native extension for WindowsStandalone target not found
Native extension for WebGL target not found
[Package Manager] Failed to launch server process. Reason: Unity was launched with the -noUpm command-line argument
[Package Manager] Unable to send message (not connected to server process).
[Package Manager] Cannot connect to Unity Package Manager local server
Mono: successfully reloaded assembly
- Finished resetting the current domain, in  0.947 seconds
Domain Reload Profiling: 1995ms
	BeginReloadAssembly (289ms)
		ExecutionOrderSort (0ms)
		DisableScriptedObjects (9ms)
		BackupInstance (0ms)
		ReleaseScriptingObjects (0ms)
		CreateAndSetChildDomain (61ms)
	RebuildCommonClasses (68ms)
	RebuildNativeTypeToScriptingClass (22ms)
	initialDomainReloadingComplete (37ms)
	LoadAllAssembliesAndSetupDomain (631ms)
		LoadAssemblies (507ms)
		RebuildTransferFunctionScriptingTraits (0ms)
		AnalyzeDomain (273ms)
			TypeCache.Refresh (13ms)
				TypeCache.ScanAssembly (0ms)
			BuildScriptInfoCaches (239ms)
			ResolveRequiredComponents (16ms)
	FinalizeReload (948ms)
		ReleaseScriptCaches (0ms)
		RebuildScriptCaches (0ms)
		SetupLoadedEditorAssemblies (750ms)
			LogAssemblyErrors (0ms)
			InitializePlatformSupportModulesInManaged (5ms)
			SetLoadedEditorAssemblies (6ms)
			BeforeProcessingInitializeOnLoad (174ms)
			ProcessInitializeOnLoadAttributes (494ms)
			ProcessInitializeOnLoadMethodAttributes (63ms)
			AfterProcessingInitializeOnLoad (7ms)
			EditorAssembliesLoaded (0ms)
		ExecutionOrderSort2 (0ms)
		AwakeInstancesAfterBackupRestoration (23ms)
Refreshing native plugins compatible for Editor in 1.36 ms, found 3 plugins.
Preloading 0 native plugins for Editor in 0.00 ms.
Unloading 13 Unused Serialized files (Serialized files now loaded: 0)
Unloading 6101 unused Assets / (5.1 MB). Loaded Objects now: 6923.
Memory consumption went from 146.6 MB to 141.5 MB.
Total: 13.245100 ms (FindLiveObjects: 1.028800 ms CreateObjectMapping: 0.592300 ms MarkObjects: 7.024700 ms  DeleteObjects: 4.596500 ms)

Prepare: number of updated asset objects reloaded= 0
========================================================================
Received Prepare
Refreshing native plugins compatible for Editor in 1.22 ms, found 3 plugins.
Preloading 0 native plugins for Editor in 0.00 ms.
Unloading 13 Unused Serialized files (Serialized files now loaded: 0)
Unloading 6095 unused Assets / (4.4 MB). Loaded Objects now: 6923.
Memory consumption went from 146.8 MB to 142.4 MB.
Total: 13.976400 ms (FindLiveObjects: 1.379300 ms CreateObjectMapping: 0.835900 ms MarkObjects: 7.050200 ms  DeleteObjects: 4.709100 ms)

Prepare: number of updated asset objects reloaded= 0
========================================================================
Received Prepare
Begin MonoManager ReloadAssembly
[Licensing::Client] Successfully resolved entitlement details
- Loaded All Assemblies, in  1.028 seconds
Refreshing native plugins compatible for Editor in 0.92 ms, found 3 plugins.
Native extension for UWP target not found
Native extension for WindowsStandalone target not found
Native extension for WebGL target not found
[Package Manager] Failed to launch server process. Reason: Unity was launched with the -noUpm command-line argument
[Package Manager] Unable to send message (not connected to server process).
[Package Manager] Cannot connect to Unity Package Manager local server
Mono: successfully reloaded assembly
- Finished resetting the current domain, in  0.906 seconds
Domain Reload Profiling: 1936ms
	BeginReloadAssembly (318ms)
		ExecutionOrderSort (0ms)
		DisableScriptedObjects (10ms)
		BackupInstance (0ms)
		ReleaseScriptingObjects (0ms)
		CreateAndSetChildDomain (64ms)
	RebuildCommonClasses (53ms)
	RebuildNativeTypeToScriptingClass (16ms)
	initialDomainReloadingComplete (39ms)
	LoadAllAssembliesAndSetupDomain (603ms)
		LoadAssemblies (511ms)
		RebuildTransferFunctionScriptingTraits (0ms)
		AnalyzeDomain (247ms)
			TypeCache.Refresh (15ms)
				TypeCache.ScanAssembly (1ms)
			BuildScriptInfoCaches (210ms)
			ResolveRequiredComponents (15ms)
	FinalizeReload (907ms)
		ReleaseScriptCaches (0ms)
		RebuildScriptCaches (0ms)
		SetupLoadedEditorAssemblies (717ms)
			LogAssemblyErrors (0ms)
			InitializePlatformSupportModulesInManaged (4ms)
			SetLoadedEditorAssemblies (6ms)
			BeforeProcessingInitializeOnLoad (172ms)
			ProcessInitializeOnLoadAttributes (457ms)
			ProcessInitializeOnLoadMethodAttributes (72ms)
			AfterProcessingInitializeOnLoad (7ms)
			EditorAssembliesLoaded (0ms)
		ExecutionOrderSort2 (0ms)
		AwakeInstancesAfterBackupRestoration (18ms)
Refreshing native plugins compatible for Editor in 1.03 ms, found 3 plugins.
Preloading 0 native plugins for Editor in 0.00 ms.
Unloading 13 Unused Serialized files (Serialized files now loaded: 0)
Unloading 6101 unused Assets / (5.2 MB). Loaded Objects now: 6926.
Memory consumption went from 146.7 MB to 141.4 MB.
Total: 13.731000 ms (FindLiveObjects: 1.269300 ms CreateObjectMapping: 0.631400 ms MarkObjects: 6.832800 ms  DeleteObjects: 4.995900 ms)

Prepare: number of updated asset objects reloaded= 0
========================================================================
Received Prepare
Refreshing native plugins compatible for Editor in 1.10 ms, found 3 plugins.
Preloading 0 native plugins for Editor in 0.00 ms.
Unloading 13 Unused Serialized files (Serialized files now loaded: 0)
Unloading 6095 unused Assets / (4.1 MB). Loaded Objects now: 6926.
Memory consumption went from 146.8 MB to 142.7 MB.
Total: 16.129400 ms (FindLiveObjects: 1.529700 ms CreateObjectMapping: 1.306800 ms MarkObjects: 9.267600 ms  DeleteObjects: 4.023900 ms)

Prepare: number of updated asset objects reloaded= 0
========================================================================
Received Prepare
Begin MonoManager ReloadAssembly
- Loaded All Assemblies, in  0.874 seconds
Refreshing native plugins compatible for Editor in 1.16 ms, found 3 plugins.
Native extension for UWP target not found
Native extension for WindowsStandalone target not found
Native extension for WebGL target not found
[Package Manager] Failed to launch server process. Reason: Unity was launched with the -noUpm command-line argument
[Package Manager] Unable to send message (not connected to server process).
[Package Manager] Cannot connect to Unity Package Manager local server
Mono: successfully reloaded assembly
- Finished resetting the current domain, in  0.890 seconds
Domain Reload Profiling: 1765ms
	BeginReloadAssembly (256ms)
		ExecutionOrderSort (0ms)
		DisableScriptedObjects (6ms)
		BackupInstance (0ms)
		ReleaseScriptingObjects (0ms)
		CreateAndSetChildDomain (54ms)
	RebuildCommonClasses (48ms)
	RebuildNativeTypeToScriptingClass (13ms)
	initialDomainReloadingComplete (33ms)
	LoadAllAssembliesAndSetupDomain (525ms)
		LoadAssemblies (452ms)
		RebuildTransferFunctionScriptingTraits (0ms)
		AnalyzeDomain (209ms)
			TypeCache.Refresh (19ms)
				TypeCache.ScanAssembly (0ms)
			BuildScriptInfoCaches (172ms)
			ResolveRequiredComponents (13ms)
	FinalizeReload (890ms)
		ReleaseScriptCaches (0ms)
		RebuildScriptCaches (0ms)
		SetupLoadedEditorAssemblies (669ms)
			LogAssemblyErrors (0ms)
			InitializePlatformSupportModulesInManaged (4ms)
			SetLoadedEditorAssemblies (5ms)
			BeforeProcessingInitializeOnLoad (151ms)
			ProcessInitializeOnLoadAttributes (439ms)
			ProcessInitializeOnLoadMethodAttributes (60ms)
			AfterProcessingInitializeOnLoad (8ms)
			EditorAssembliesLoaded (0ms)
		ExecutionOrderSort2 (0ms)
		AwakeInstancesAfterBackupRestoration (17ms)
Refreshing native plugins compatible for Editor in 1.03 ms, found 3 plugins.
Preloading 0 native plugins for Editor in 0.00 ms.
Unloading 13 Unused Serialized files (Serialized files now loaded: 0)
Unloading 6101 unused Assets / (4.8 MB). Loaded Objects now: 6929.
Memory consumption went from 146.7 MB to 141.9 MB.
Total: 11.902600 ms (FindLiveObjects: 1.000500 ms CreateObjectMapping: 0.817000 ms MarkObjects: 5.929600 ms  DeleteObjects: 4.154400 ms)

Prepare: number of updated asset objects reloaded= 0
========================================================================
Received Prepare
Begin MonoManager ReloadAssembly
[Licensing::Client] Successfully resolved entitlement details
- Loaded All Assemblies, in  0.921 seconds
Refreshing native plugins compatible for Editor in 1.00 ms, found 3 plugins.
Native extension for UWP target not found
Native extension for WindowsStandalone target not found
Native extension for WebGL target not found
[Package Manager] Failed to launch server process. Reason: Unity was launched with the -noUpm command-line argument
[Package Manager] Unable to send message (not connected to server process).
[Package Manager] Cannot connect to Unity Package Manager local server
Mono: successfully reloaded assembly
- Finished resetting the current domain, in  0.891 seconds
Domain Reload Profiling: 1815ms
	BeginReloadAssembly (294ms)
		ExecutionOrderSort (0ms)
		DisableScriptedObjects (9ms)
		BackupInstance (0ms)
		ReleaseScriptingObjects (0ms)
		CreateAndSetChildDomain (69ms)
	RebuildCommonClasses (42ms)
	RebuildNativeTypeToScriptingClass (14ms)
	initialDomainReloadingComplete (31ms)
	LoadAllAssembliesAndSetupDomain (543ms)
		LoadAssemblies (455ms)
		RebuildTransferFunctionScriptingTraits (0ms)
		AnalyzeDomain (231ms)
			TypeCache.Refresh (9ms)
				TypeCache.ScanAssembly (0ms)
			BuildScriptInfoCaches (200ms)
			ResolveRequiredComponents (17ms)
	FinalizeReload (892ms)
		ReleaseScriptCaches (0ms)
		RebuildScriptCaches (0ms)
		SetupLoadedEditorAssemblies (695ms)
			LogAssemblyErrors (0ms)
			InitializePlatformSupportModulesInManaged (5ms)
			SetLoadedEditorAssemblies (6ms)
			BeforeProcessingInitializeOnLoad (143ms)
			ProcessInitializeOnLoadAttributes (458ms)
			ProcessInitializeOnLoadMethodAttributes (74ms)
			AfterProcessingInitializeOnLoad (8ms)
			EditorAssembliesLoaded (1ms)
		ExecutionOrderSort2 (0ms)
		AwakeInstancesAfterBackupRestoration (26ms)
Refreshing native plugins compatible for Editor in 1.60 ms, found 3 plugins.
Preloading 0 native plugins for Editor in 0.00 ms.
Unloading 13 Unused Serialized files (Serialized files now loaded: 0)
Unloading 6101 unused Assets / (5.0 MB). Loaded Objects now: 6932.
Memory consumption went from 146.7 MB to 141.7 MB.
Total: 22.841900 ms (FindLiveObjects: 1.127200 ms CreateObjectMapping: 1.056500 ms MarkObjects: 12.040100 ms  DeleteObjects: 8.616400 ms)

Prepare: number of updated asset objects reloaded= 0
========================================================================
Received Prepare
Begin MonoManager ReloadAssembly
[Licensing::Client] Successfully resolved entitlement details
- Loaded All Assemblies, in  0.811 seconds
Refreshing native plugins compatible for Editor in 1.04 ms, found 3 plugins.
Native extension for UWP target not found
Native extension for WindowsStandalone target not found
Native extension for WebGL target not found
[Package Manager] Failed to launch server process. Reason: Unity was launched with the -noUpm command-line argument
[Package Manager] Unable to send message (not connected to server process).
[Package Manager] Cannot connect to Unity Package Manager local server
Mono: successfully reloaded assembly
- Finished resetting the current domain, in  0.820 seconds
Domain Reload Profiling: 1632ms
	BeginReloadAssembly (243ms)
		ExecutionOrderSort (0ms)
		DisableScriptedObjects (8ms)
		BackupInstance (0ms)
		ReleaseScriptingObjects (0ms)
		CreateAndSetChildDomain (57ms)
	RebuildCommonClasses (38ms)
	RebuildNativeTypeToScriptingClass (16ms)
	initialDomainReloadingComplete (30ms)
	LoadAllAssembliesAndSetupDomain (485ms)
		LoadAssemblies (391ms)
		RebuildTransferFunctionScriptingTraits (0ms)
		AnalyzeDomain (200ms)
			TypeCache.Refresh (11ms)
				TypeCache.ScanAssembly (0ms)
			BuildScriptInfoCaches (174ms)
			ResolveRequiredComponents (12ms)
	FinalizeReload (820ms)
		ReleaseScriptCaches (0ms)
		RebuildScriptCaches (0ms)
		SetupLoadedEditorAssemblies (636ms)
			LogAssemblyErrors (0ms)
			InitializePlatformSupportModulesInManaged (3ms)
			SetLoadedEditorAssemblies (5ms)
			BeforeProcessingInitializeOnLoad (134ms)
			ProcessInitializeOnLoadAttributes (419ms)
			ProcessInitializeOnLoadMethodAttributes (66ms)
			AfterProcessingInitializeOnLoad (7ms)
			EditorAssembliesLoaded (0ms)
		ExecutionOrderSort2 (0ms)
		AwakeInstancesAfterBackupRestoration (23ms)
Refreshing native plugins compatible for Editor in 1.42 ms, found 3 plugins.
Preloading 0 native plugins for Editor in 0.00 ms.
Unloading 13 Unused Serialized files (Serialized files now loaded: 0)
Unloading 6101 unused Assets / (4.9 MB). Loaded Objects now: 6935.
Memory consumption went from 146.8 MB to 141.9 MB.
Total: 22.103800 ms (FindLiveObjects: 1.780000 ms CreateObjectMapping: 2.418800 ms MarkObjects: 9.740100 ms  DeleteObjects: 8.161400 ms)

Prepare: number of updated asset objects reloaded= 0
========================================================================
Received Prepare
Refreshing native plugins compatible for Editor in 1.04 ms, found 3 plugins.
Preloading 0 native plugins for Editor in 0.00 ms.
Unloading 13 Unused Serialized files (Serialized files now loaded: 0)
Unloading 6095 unused Assets / (5.5 MB). Loaded Objects now: 6935.
Memory consumption went from 147.0 MB to 141.5 MB.
Total: 17.287700 ms (FindLiveObjects: 1.679600 ms CreateObjectMapping: 1.513500 ms MarkObjects: 7.814200 ms  DeleteObjects: 6.278700 ms)

Prepare: number of updated asset objects reloaded= 0
========================================================================
Received Prepare
Begin MonoManager ReloadAssembly
[Licensing::Client] Successfully resolved entitlement details
- Loaded All Assemblies, in  1.180 seconds
Refreshing native plugins compatible for Editor in 1.09 ms, found 3 plugins.
Native extension for UWP target not found
Native extension for WindowsStandalone target not found
Native extension for WebGL target not found
[Package Manager] Failed to launch server process. Reason: Unity was launched with the -noUpm command-line argument
[Package Manager] Unable to send message (not connected to server process).
[Package Manager] Cannot connect to Unity Package Manager local server
Mono: successfully reloaded assembly
- Finished resetting the current domain, in  1.074 seconds
Domain Reload Profiling: 2261ms
	BeginReloadAssembly (324ms)
		ExecutionOrderSort (0ms)
		DisableScriptedObjects (11ms)
		BackupInstance (0ms)
		ReleaseScriptingObjects (0ms)
		CreateAndSetChildDomain (63ms)
	RebuildCommonClasses (73ms)
	RebuildNativeTypeToScriptingClass (21ms)
	initialDomainReloadingComplete (40ms)
	LoadAllAssembliesAndSetupDomain (730ms)
		LoadAssemblies (514ms)
		RebuildTransferFunctionScriptingTraits (0ms)
		AnalyzeDomain (372ms)
			TypeCache.Refresh (15ms)
				TypeCache.ScanAssembly (1ms)
			BuildScriptInfoCaches (322ms)
			ResolveRequiredComponents (25ms)
	FinalizeReload (1075ms)
		ReleaseScriptCaches (0ms)
		RebuildScriptCaches (0ms)
		SetupLoadedEditorAssemblies (810ms)
			LogAssemblyErrors (0ms)
			InitializePlatformSupportModulesInManaged (4ms)
			SetLoadedEditorAssemblies (6ms)
			BeforeProcessingInitializeOnLoad (193ms)
			ProcessInitializeOnLoadAttributes (518ms)
			ProcessInitializeOnLoadMethodAttributes (81ms)
			AfterProcessingInitializeOnLoad (7ms)
			EditorAssembliesLoaded (0ms)
		ExecutionOrderSort2 (0ms)
		AwakeInstancesAfterBackupRestoration (21ms)
Refreshing native plugins compatible for Editor in 1.05 ms, found 3 plugins.
Preloading 0 native plugins for Editor in 0.00 ms.
Unloading 13 Unused Serialized files (Serialized files now loaded: 0)
Unloading 6101 unused Assets / (4.1 MB). Loaded Objects now: 6938.
Memory consumption went from 146.8 MB to 142.7 MB.
Total: 8.917200 ms (FindLiveObjects: 0.841800 ms CreateObjectMapping: 0.397400 ms MarkObjects: 4.456800 ms  DeleteObjects: 3.220000 ms)

Prepare: number of updated asset objects reloaded= 0
========================================================================
Received Prepare
Refreshing native plugins compatible for Editor in 1.06 ms, found 3 plugins.
Preloading 0 native plugins for Editor in 0.00 ms.
Unloading 13 Unused Serialized files (Serialized files now loaded: 0)
Unloading 6095 unused Assets / (5.7 MB). Loaded Objects now: 6938.
Memory consumption went from 147.0 MB to 141.3 MB.
Total: 19.444800 ms (FindLiveObjects: 2.077200 ms CreateObjectMapping: 0.831900 ms MarkObjects: 9.749800 ms  DeleteObjects: 6.783900 ms)

Prepare: number of updated asset objects reloaded= 0
========================================================================
Received Prepare
Begin MonoManager ReloadAssembly
- Loaded All Assemblies, in  1.115 seconds
Refreshing native plugins compatible for Editor in 0.83 ms, found 3 plugins.
Native extension for UWP target not found
Native extension for WindowsStandalone target not found
Native extension for WebGL target not found
[Package Manager] Failed to launch server process. Reason: Unity was launched with the -noUpm command-line argument
[Package Manager] Unable to send message (not connected to server process).
[Package Manager] Cannot connect to Unity Package Manager local server
Mono: successfully reloaded assembly
- Finished resetting the current domain, in  0.945 seconds
Domain Reload Profiling: 2060ms
	BeginReloadAssembly (341ms)
		ExecutionOrderSort (0ms)
		DisableScriptedObjects (10ms)
		BackupInstance (0ms)
		ReleaseScriptingObjects (0ms)
		CreateAndSetChildDomain (74ms)
	RebuildCommonClasses (53ms)
	RebuildNativeTypeToScriptingClass (17ms)
	initialDomainReloadingComplete (42ms)
	LoadAllAssembliesAndSetupDomain (660ms)
		LoadAssemblies (566ms)
		RebuildTransferFunctionScriptingTraits (0ms)
		AnalyzeDomain (276ms)
			TypeCache.Refresh (14ms)
				TypeCache.ScanAssembly (1ms)
			BuildScriptInfoCaches (240ms)
			ResolveRequiredComponents (16ms)
	FinalizeReload (946ms)
		ReleaseScriptCaches (0ms)
		RebuildScriptCaches (0ms)
		SetupLoadedEditorAssemblies (741ms)
			LogAssemblyErrors (0ms)
			InitializePlatformSupportModulesInManaged (5ms)
			SetLoadedEditorAssemblies (7ms)
			BeforeProcessingInitializeOnLoad (203ms)
			ProcessInitializeOnLoadAttributes (454ms)
			ProcessInitializeOnLoadMethodAttributes (68ms)
			AfterProcessingInitializeOnLoad (5ms)
			EditorAssembliesLoaded (0ms)
		ExecutionOrderSort2 (0ms)
		AwakeInstancesAfterBackupRestoration (16ms)
Refreshing native plugins compatible for Editor in 2.36 ms, found 3 plugins.
Preloading 0 native plugins for Editor in 0.00 ms.
Unloading 13 Unused Serialized files (Serialized files now loaded: 0)
Unloading 6101 unused Assets / (4.1 MB). Loaded Objects now: 6941.
Memory consumption went from 146.9 MB to 142.8 MB.
Total: 12.719400 ms (FindLiveObjects: 1.141700 ms CreateObjectMapping: 0.627500 ms MarkObjects: 7.527900 ms  DeleteObjects: 3.420100 ms)

Prepare: number of updated asset objects reloaded= 0
========================================================================
Received Import Request.
  Time since last request: 1136.220893 seconds.
  path: Assets/Scripts/ToggleUI.cs
  artifactKey: Guid(39df57aff8e5b8d4687e11ba238971b0) Importer(815301076,1909f56bfc062723c751e8b465ee728b)
Start importing Assets/Scripts/ToggleUI.cs using Guid(39df57aff8e5b8d4687e11ba238971b0) Importer(815301076,1909f56bfc062723c751e8b465ee728b) (PreviewImporter) -> (artifact id: '86e48827f4ae99d59b7adb1c1f674899') in 0.9289995 seconds
Number of updated asset objects reloaded before import = 0Number of asset objects unloaded after import = 0

========================================================================
Received Prepare
Refreshing native plugins compatible for Editor in 1.24 ms, found 3 plugins.
Preloading 0 native plugins for Editor in 0.00 ms.
Unloading 13 Unused Serialized files (Serialized files now loaded: 0)
Unloading 6094 unused Assets / (5.3 MB). Loaded Objects now: 6940.
Memory consumption went from 147.0 MB to 141.8 MB.
Total: 22.244300 ms (FindLiveObjects: 1.362900 ms CreateObjectMapping: 2.342400 ms MarkObjects: 11.877600 ms  DeleteObjects: 6.659300 ms)

Prepare: number of updated asset objects reloaded= 0
========================================================================
Received Prepare
Begin MonoManager ReloadAssembly
- Loaded All Assemblies, in  1.157 seconds
Refreshing native plugins compatible for Editor in 1.08 ms, found 3 plugins.
Native extension for UWP target not found
Native extension for WindowsStandalone target not found
Native extension for WebGL target not found
[Package Manager] Failed to launch server process. Reason: Unity was launched with the -noUpm command-line argument
[Package Manager] Unable to send message (not connected to server process).
[Package Manager] Cannot connect to Unity Package Manager local server
Mono: successfully reloaded assembly
- Finished resetting the current domain, in  1.227 seconds
Domain Reload Profiling: 2392ms
	BeginReloadAssembly (372ms)
		ExecutionOrderSort (0ms)
		DisableScriptedObjects (9ms)
		BackupInstance (0ms)
		ReleaseScriptingObjects (0ms)
		CreateAndSetChildDomain (96ms)
	RebuildCommonClasses (63ms)
	RebuildNativeTypeToScriptingClass (19ms)
	initialDomainReloadingComplete (47ms)
	LoadAllAssembliesAndSetupDomain (664ms)
		LoadAssemblies (582ms)
		RebuildTransferFunctionScriptingTraits (0ms)
		AnalyzeDomain (257ms)
			TypeCache.Refresh (11ms)
				TypeCache.ScanAssembly (0ms)
			BuildScriptInfoCaches (222ms)
			ResolveRequiredComponents (16ms)
	FinalizeReload (1227ms)
		ReleaseScriptCaches (0ms)
		RebuildScriptCaches (0ms)
		SetupLoadedEditorAssemblies (970ms)
			LogAssemblyErrors (0ms)
			InitializePlatformSupportModulesInManaged (4ms)
			SetLoadedEditorAssemblies (6ms)
			BeforeProcessingInitializeOnLoad (228ms)
			ProcessInitializeOnLoadAttributes (644ms)
			ProcessInitializeOnLoadMethodAttributes (79ms)
			AfterProcessingInitializeOnLoad (10ms)
			EditorAssembliesLoaded (0ms)
		ExecutionOrderSort2 (0ms)
		AwakeInstancesAfterBackupRestoration (30ms)
Refreshing native plugins compatible for Editor in 1.31 ms, found 3 plugins.
Preloading 0 native plugins for Editor in 0.00 ms.
Unloading 13 Unused Serialized files (Serialized files now loaded: 0)
Unloading 6100 unused Assets / (6.1 MB). Loaded Objects now: 6943.
Memory consumption went from 146.9 MB to 140.8 MB.
Total: 19.912100 ms (FindLiveObjects: 1.157800 ms CreateObjectMapping: 1.164300 ms MarkObjects: 8.704100 ms  DeleteObjects: 8.883700 ms)

Prepare: number of updated asset objects reloaded= 0
========================================================================
Received Prepare
Refreshing native plugins compatible for Editor in 0.99 ms, found 3 plugins.
Preloading 0 native plugins for Editor in 0.00 ms.
Unloading 13 Unused Serialized files (Serialized files now loaded: 0)
Unloading 6094 unused Assets / (5.1 MB). Loaded Objects now: 6943.
Memory consumption went from 147.1 MB to 142.0 MB.
Total: 16.708800 ms (FindLiveObjects: 1.340700 ms CreateObjectMapping: 1.353300 ms MarkObjects: 8.426800 ms  DeleteObjects: 5.585900 ms)

Prepare: number of updated asset objects reloaded= 0
========================================================================
Received Prepare
Begin MonoManager ReloadAssembly
[Licensing::Client] Successfully resolved entitlement details
- Loaded All Assemblies, in  1.018 seconds
Refreshing native plugins compatible for Editor in 1.21 ms, found 3 plugins.
Native extension for UWP target not found
Native extension for WindowsStandalone target not found
Native extension for WebGL target not found
[Package Manager] Failed to launch server process. Reason: Unity was launched with the -noUpm command-line argument
[Package Manager] Unable to send message (not connected to server process).
[Package Manager] Cannot connect to Unity Package Manager local server
Mono: successfully reloaded assembly
- Finished resetting the current domain, in  1.009 seconds
Domain Reload Profiling: 2031ms
	BeginReloadAssembly (275ms)
		ExecutionOrderSort (0ms)
		DisableScriptedObjects (9ms)
		BackupInstance (0ms)
		ReleaseScriptingObjects (0ms)
		CreateAndSetChildDomain (61ms)
	RebuildCommonClasses (60ms)
	RebuildNativeTypeToScriptingClass (22ms)
	initialDomainReloadingComplete (46ms)
	LoadAllAssembliesAndSetupDomain (618ms)
		LoadAssemblies (492ms)
		RebuildTransferFunctionScriptingTraits (0ms)
		AnalyzeDomain (258ms)
			TypeCache.Refresh (15ms)
				TypeCache.ScanAssembly (0ms)
			BuildScriptInfoCaches (220ms)
			ResolveRequiredComponents (17ms)
	FinalizeReload (1009ms)
		ReleaseScriptCaches (0ms)
		RebuildScriptCaches (0ms)
		SetupLoadedEditorAssemblies (747ms)
			LogAssemblyErrors (0ms)
			InitializePlatformSupportModulesInManaged (4ms)
			SetLoadedEditorAssemblies (5ms)
			BeforeProcessingInitializeOnLoad (173ms)
			ProcessInitializeOnLoadAttributes (477ms)
			ProcessInitializeOnLoadMethodAttributes (79ms)
			AfterProcessingInitializeOnLoad (8ms)
			EditorAssembliesLoaded (0ms)
		ExecutionOrderSort2 (0ms)
		AwakeInstancesAfterBackupRestoration (27ms)
Refreshing native plugins compatible for Editor in 0.99 ms, found 3 plugins.
Preloading 0 native plugins for Editor in 0.00 ms.
Unloading 13 Unused Serialized files (Serialized files now loaded: 0)
Unloading 6100 unused Assets / (4.7 MB). Loaded Objects now: 6946.
Memory consumption went from 146.9 MB to 142.3 MB.
Total: 15.624700 ms (FindLiveObjects: 1.349900 ms CreateObjectMapping: 0.795900 ms MarkObjects: 8.563000 ms  DeleteObjects: 4.914400 ms)

Prepare: number of updated asset objects reloaded= 0
========================================================================
Received Prepare
Refreshing native plugins compatible for Editor in 1.48 ms, found 3 plugins.
Preloading 0 native plugins for Editor in 0.00 ms.
Unloading 13 Unused Serialized files (Serialized files now loaded: 0)
Unloading 6094 unused Assets / (5.6 MB). Loaded Objects now: 6946.
Memory consumption went from 147.1 MB to 141.6 MB.
Total: 15.909200 ms (FindLiveObjects: 1.274500 ms CreateObjectMapping: 0.618000 ms MarkObjects: 8.027800 ms  DeleteObjects: 5.986700 ms)

Prepare: number of updated asset objects reloaded= 0
========================================================================
Received Prepare
Begin MonoManager ReloadAssembly
- Loaded All Assemblies, in  0.944 seconds
Refreshing native plugins compatible for Editor in 1.22 ms, found 3 plugins.
Native extension for UWP target not found
Native extension for WindowsStandalone target not found
Native extension for WebGL target not found
[Package Manager] Failed to launch server process. Reason: Unity was launched with the -noUpm command-line argument
[Package Manager] Unable to send message (not connected to server process).
[Package Manager] Cannot connect to Unity Package Manager local server
Mono: successfully reloaded assembly
- Finished resetting the current domain, in  0.956 seconds
Domain Reload Profiling: 1902ms
	BeginReloadAssembly (283ms)
		ExecutionOrderSort (0ms)
		DisableScriptedObjects (7ms)
		BackupInstance (0ms)
		ReleaseScriptingObjects (0ms)
		CreateAndSetChildDomain (69ms)
	RebuildCommonClasses (60ms)
	RebuildNativeTypeToScriptingClass (16ms)
	initialDomainReloadingComplete (34ms)
	LoadAllAssembliesAndSetupDomain (552ms)
		LoadAssemblies (447ms)
		RebuildTransferFunctionScriptingTraits (0ms)
		AnalyzeDomain (236ms)
			TypeCache.Refresh (13ms)
				TypeCache.ScanAssembly (0ms)
			BuildScriptInfoCaches (202ms)
			ResolveRequiredComponents (16ms)
	FinalizeReload (957ms)
		ReleaseScriptCaches (0ms)
		RebuildScriptCaches (0ms)
		SetupLoadedEditorAssemblies (717ms)
			LogAssemblyErrors (0ms)
			InitializePlatformSupportModulesInManaged (5ms)
			SetLoadedEditorAssemblies (5ms)
			BeforeProcessingInitializeOnLoad (167ms)
			ProcessInitializeOnLoadAttributes (465ms)
			ProcessInitializeOnLoadMethodAttributes (66ms)
			AfterProcessingInitializeOnLoad (9ms)
			EditorAssembliesLoaded (0ms)
		ExecutionOrderSort2 (0ms)
		AwakeInstancesAfterBackupRestoration (23ms)
Refreshing native plugins compatible for Editor in 1.10 ms, found 3 plugins.
Preloading 0 native plugins for Editor in 0.00 ms.
Unloading 13 Unused Serialized files (Serialized files now loaded: 0)
Unloading 6100 unused Assets / (4.4 MB). Loaded Objects now: 6949.
Memory consumption went from 147.0 MB to 142.6 MB.
Total: 13.223600 ms (FindLiveObjects: 0.897300 ms CreateObjectMapping: 1.522100 ms MarkObjects: 6.613400 ms  DeleteObjects: 4.189400 ms)

Prepare: number of updated asset objects reloaded= 0
========================================================================
Received Prepare
Refreshing native plugins compatible for Editor in 1.56 ms, found 3 plugins.
Preloading 0 native plugins for Editor in 0.00 ms.
Unloading 13 Unused Serialized files (Serialized files now loaded: 0)
Unloading 6094 unused Assets / (4.5 MB). Loaded Objects now: 6949.
Memory consumption went from 147.2 MB to 142.7 MB.
Total: 16.404400 ms (FindLiveObjects: 1.094500 ms CreateObjectMapping: 0.947100 ms MarkObjects: 9.047400 ms  DeleteObjects: 5.314000 ms)

Prepare: number of updated asset objects reloaded= 0
========================================================================
Received Prepare
Begin MonoManager ReloadAssembly
[Licensing::Client] Successfully resolved entitlement details
- Loaded All Assemblies, in  1.246 seconds
Refreshing native plugins compatible for Editor in 1.02 ms, found 3 plugins.
Native extension for UWP target not found
Native extension for WindowsStandalone target not found
Native extension for WebGL target not found
[Package Manager] Failed to launch server process. Reason: Unity was launched with the -noUpm command-line argument
[Package Manager] Unable to send message (not connected to server process).
[Package Manager] Cannot connect to Unity Package Manager local server
Mono: successfully reloaded assembly
- Finished resetting the current domain, in  1.184 seconds
Domain Reload Profiling: 2431ms
	BeginReloadAssembly (331ms)
		ExecutionOrderSort (0ms)
		DisableScriptedObjects (11ms)
		BackupInstance (0ms)
		ReleaseScriptingObjects (1ms)
		CreateAndSetChildDomain (72ms)
	RebuildCommonClasses (65ms)
	RebuildNativeTypeToScriptingClass (22ms)
	initialDomainReloadingComplete (50ms)
	LoadAllAssembliesAndSetupDomain (779ms)
		LoadAssemblies (625ms)
		RebuildTransferFunctionScriptingTraits (0ms)
		AnalyzeDomain (319ms)
			TypeCache.Refresh (19ms)
				TypeCache.ScanAssembly (1ms)
			BuildScriptInfoCaches (276ms)
			ResolveRequiredComponents (19ms)
	FinalizeReload (1185ms)
		ReleaseScriptCaches (0ms)
		RebuildScriptCaches (0ms)
		SetupLoadedEditorAssemblies (867ms)
			LogAssemblyErrors (0ms)
			InitializePlatformSupportModulesInManaged (6ms)
			SetLoadedEditorAssemblies (11ms)
			BeforeProcessingInitializeOnLoad (201ms)
			ProcessInitializeOnLoadAttributes (563ms)
			ProcessInitializeOnLoadMethodAttributes (79ms)
			AfterProcessingInitializeOnLoad (6ms)
			EditorAssembliesLoaded (0ms)
		ExecutionOrderSort2 (0ms)
		AwakeInstancesAfterBackupRestoration (33ms)
Refreshing native plugins compatible for Editor in 1.27 ms, found 3 plugins.
Preloading 0 native plugins for Editor in 0.00 ms.
Unloading 13 Unused Serialized files (Serialized files now loaded: 0)
Unloading 6100 unused Assets / (5.3 MB). Loaded Objects now: 6952.
Memory consumption went from 147.0 MB to 141.7 MB.
Total: 16.523700 ms (FindLiveObjects: 1.358100 ms CreateObjectMapping: 1.844000 ms MarkObjects: 7.753300 ms  DeleteObjects: 5.566300 ms)

Prepare: number of updated asset objects reloaded= 0
========================================================================
Received Prepare
Begin MonoManager ReloadAssembly
- Loaded All Assemblies, in  1.284 seconds
Refreshing native plugins compatible for Editor in 1.30 ms, found 3 plugins.
Native extension for UWP target not found
Native extension for WindowsStandalone target not found
Native extension for WebGL target not found
[Package Manager] Failed to launch server process. Reason: Unity was launched with the -noUpm command-line argument
[Package Manager] Unable to send message (not connected to server process).
[Package Manager] Cannot connect to Unity Package Manager local server
Mono: successfully reloaded assembly
- Finished resetting the current domain, in  1.241 seconds
Domain Reload Profiling: 2525ms
	BeginReloadAssembly (370ms)
		ExecutionOrderSort (0ms)
		DisableScriptedObjects (10ms)
		BackupInstance (0ms)
		ReleaseScriptingObjects (0ms)
		CreateAndSetChildDomain (89ms)
	RebuildCommonClasses (69ms)
	RebuildNativeTypeToScriptingClass (22ms)
	initialDomainReloadingComplete (47ms)
	LoadAllAssembliesAndSetupDomain (775ms)
		LoadAssemblies (644ms)
		RebuildTransferFunctionScriptingTraits (0ms)
		AnalyzeDomain (313ms)
			TypeCache.Refresh (15ms)
				TypeCache.ScanAssembly (1ms)
			BuildScriptInfoCaches (269ms)
			ResolveRequiredComponents (23ms)
	FinalizeReload (1241ms)
		ReleaseScriptCaches (0ms)
		RebuildScriptCaches (0ms)
		SetupLoadedEditorAssemblies (972ms)
			LogAssemblyErrors (0ms)
			InitializePlatformSupportModulesInManaged (5ms)
			SetLoadedEditorAssemblies (8ms)
			BeforeProcessingInitializeOnLoad (204ms)
			ProcessInitializeOnLoadAttributes (646ms)
			ProcessInitializeOnLoadMethodAttributes (97ms)
			AfterProcessingInitializeOnLoad (12ms)
			EditorAssembliesLoaded (0ms)
		ExecutionOrderSort2 (0ms)
		AwakeInstancesAfterBackupRestoration (29ms)
Refreshing native plugins compatible for Editor in 1.64 ms, found 3 plugins.
Preloading 0 native plugins for Editor in 0.00 ms.
Unloading 13 Unused Serialized files (Serialized files now loaded: 0)
Unloading 6100 unused Assets / (3.9 MB). Loaded Objects now: 6955.
Memory consumption went from 147.1 MB to 143.2 MB.
Total: 23.346500 ms (FindLiveObjects: 2.221400 ms CreateObjectMapping: 3.094500 ms MarkObjects: 11.688200 ms  DeleteObjects: 6.339100 ms)

Prepare: number of updated asset objects reloaded= 0
========================================================================
Received Import Request.
  Time since last request: 1345.194017 seconds.
  path: Assets/FreeAnimatedSpaceMan/Prefab
  artifactKey: Guid(42e5c0ad8b7e2444dad9d4327e94d847) Importer(815301076,1909f56bfc062723c751e8b465ee728b)
Start importing Assets/FreeAnimatedSpaceMan/Prefab using Guid(42e5c0ad8b7e2444dad9d4327e94d847) Importer(815301076,1909f56bfc062723c751e8b465ee728b) (PreviewImporter) -> (artifact id: 'dbaa5bb371c6099f8b1e736fa8dd29e8') in 3.9082056 seconds
Number of updated asset objects reloaded before import = 0Number of asset objects unloaded after import = 0

========================================================================
Received Import Request.
  Time since last request: 27.485111 seconds.
  path: Assets/FreeAnimatedSpaceMan/Models/Long_Rifle_03.FBX
  artifactKey: Guid(38120c969ec9408409ef16abe37ffe02) Importer(815301076,1909f56bfc062723c751e8b465ee728b)
Start importing Assets/FreeAnimatedSpaceMan/Models/Long_Rifle_03.FBX using Guid(38120c969ec9408409ef16abe37ffe02) Importer(815301076,1909f56bfc062723c751e8b465ee728b) (PreviewImporter) -> (artifact id: '7a1d9ba2fbd7124c61117c3d4db02715') in 1.7813625 seconds
Number of updated asset objects reloaded before import = 0Number of asset objects unloaded after import = 7

========================================================================
Received Import Request.
  Time since last request: 1.184041 seconds.
  path: Assets/FreeAnimatedSpaceMan/Textures/SpaceMan_Rank_02_Blue.png
  artifactKey: Guid(e64442d6c716d0649863c2cd5918df9a) Importer(815301076,1909f56bfc062723c751e8b465ee728b)
Start importing Assets/FreeAnimatedSpaceMan/Textures/SpaceMan_Rank_02_Blue.png using Guid(e64442d6c716d0649863c2cd5918df9a) Importer(815301076,1909f56bfc062723c751e8b465ee728b) (PreviewImporter)[Licensing::Client] Successfully resolved entitlement details
 -> (artifact id: '984d83614623ee7327053d76237b6dc2') in 0.0621254 seconds
Number of updated asset objects reloaded before import = 0Number of asset objects unloaded after import = 2

========================================================================
Received Import Request.
  Time since last request: 1.579220 seconds.
  path: Assets/FreeAnimatedSpaceMan/Materials/Plane.mat
  artifactKey: Guid(0631bac512dbddd4eb71a58e6504c793) Importer(815301076,1909f56bfc062723c751e8b465ee728b)
Start importing Assets/FreeAnimatedSpaceMan/Materials/Plane.mat using Guid(0631bac512dbddd4eb71a58e6504c793) Importer(815301076,1909f56bfc062723c751e8b465ee728b) (PreviewImporter) -> (artifact id: '70833546ebfa2e042ff8b134535e4296') in 0.1023102 seconds
Number of updated asset objects reloaded before import = 0Number of asset objects unloaded after import = 1

========================================================================
Received Import Request.
  Time since last request: 0.000066 seconds.
  path: Assets/FreeAnimatedSpaceMan/Materials/SpaceMan_Weapons_Rank_02.mat
  artifactKey: Guid(ca0f6abd9feb63e468ba06b77ffb1a27) Importer(815301076,1909f56bfc062723c751e8b465ee728b)
Start importing Assets/FreeAnimatedSpaceMan/Materials/SpaceMan_Weapons_Rank_02.mat using Guid(ca0f6abd9feb63e468ba06b77ffb1a27) Importer(815301076,1909f56bfc062723c751e8b465ee728b) (PreviewImporter) -> (artifact id: '0102d6db63961b4a22cf27d15ba33cff') in 0.0506117 seconds
Number of updated asset objects reloaded before import = 0Number of asset objects unloaded after import = 2

========================================================================
Received Import Request.
  Time since last request: 78.990229 seconds.
  path: Assets/FreeAnimatedSpaceMan/Models
  artifactKey: Guid(71a74b97231f86e4caa0a05db1894a48) Importer(815301076,1909f56bfc062723c751e8b465ee728b)
Start importing Assets/FreeAnimatedSpaceMan/Models using Guid(71a74b97231f86e4caa0a05db1894a48) Importer(815301076,1909f56bfc062723c751e8b465ee728b) (PreviewImporter) -> (artifact id: '5494f8c393ee3f990616357d4c463776') in 0.0009461 seconds
Number of updated asset objects reloaded before import = 0Number of asset objects unloaded after import = 0

========================================================================
Received Import Request.
  Time since last request: 1.883862 seconds.
  path: Assets/FreeAnimatedSpaceMan/Materials
  artifactKey: Guid(3164c3a8a706db547a6b831acd06c27c) Importer(815301076,1909f56bfc062723c751e8b465ee728b)
Start importing Assets/FreeAnimatedSpaceMan/Materials using Guid(3164c3a8a706db547a6b831acd06c27c) Importer(815301076,1909f56bfc062723c751e8b465ee728b) (PreviewImporter) -> (artifact id: 'a35d8c769d197edc40342b7e81cebddd') in 0.0007391 seconds
Number of updated asset objects reloaded before import = 0Number of asset objects unloaded after import = 0

========================================================================
Received Import Request.
  Time since last request: 54.967547 seconds.
  path: Assets/Free Halloween Pumpkin/Prefabs
  artifactKey: Guid(0e30c18a2d58044b0bd1dad1a846b487) Importer(815301076,1909f56bfc062723c751e8b465ee728b)
Start importing Assets/Free Halloween Pumpkin/Prefabs using Guid(0e30c18a2d58044b0bd1dad1a846b487) Importer(815301076,1909f56bfc062723c751e8b465ee728b) (PreviewImporter) -> (artifact id: 'fc280be935520aba1d2add81ff35cb70') in 0.000801 seconds
Number of updated asset objects reloaded before import = 0Number of asset objects unloaded after import = 0

========================================================================
Received Import Request.
  Time since last request: 0.000321 seconds.
  path: Assets/Free Halloween Pumpkin/Prefabs/BSS_Pumpkin_Orange_Angry.prefab
  artifactKey: Guid(4fbf5f8f2fe5340e589b5df8b95dcebd) Importer(815301076,1909f56bfc062723c751e8b465ee728b)
Start importing Assets/Free Halloween Pumpkin/Prefabs/BSS_Pumpkin_Orange_Angry.prefab using Guid(4fbf5f8f2fe5340e589b5df8b95dcebd) Importer(815301076,1909f56bfc062723c751e8b465ee728b) (PreviewImporter) -> (artifact id: '9ccebde8c015701bfaeef27139eba453') in 0.0414787 seconds
Number of updated asset objects reloaded before import = 0Number of asset objects unloaded after import = 10

========================================================================
Received Import Request.
  Time since last request: 2.018805 seconds.
  path: Assets/Free Halloween Pumpkin/Models/BSS_Pumpkin_Orange_Angry.fbx
  artifactKey: Guid(6bf65bc48fca74d12aedca5cd22e3290) Importer(815301076,1909f56bfc062723c751e8b465ee728b)
Start importing Assets/Free Halloween Pumpkin/Models/BSS_Pumpkin_Orange_Angry.fbx using Guid(6bf65bc48fca74d12aedca5cd22e3290) Importer(815301076,1909f56bfc062723c751e8b465ee728b) (PreviewImporter) -> (artifact id: 'c7f09c8c28b236a50afe98bc69e2f0ae') in 0.036327 seconds
Number of updated asset objects reloaded before import = 0Number of asset objects unloaded after import = 7

========================================================================
Received Import Request.
  Time since last request: 0.814478 seconds.
  path: Assets/Free Halloween Pumpkin/Materials/MysticalCartoonHalloweenPack_Material.mat
  artifactKey: Guid(197b2c719fae147db8c15f4d01d1fbfb) Importer(815301076,1909f56bfc062723c751e8b465ee728b)
Start importing Assets/Free Halloween Pumpkin/Materials/MysticalCartoonHalloweenPack_Material.mat using Guid(197b2c719fae147db8c15f4d01d1fbfb) Importer(815301076,1909f56bfc062723c751e8b465ee728b) (PreviewImporter) -> (artifact id: '4cc9b1cd40f5e84db46f48b42fc88f94') in 0.0279634 seconds
Number of updated asset objects reloaded before import = 0Number of asset objects unloaded after import = 2

========================================================================
Received Import Request.
  Time since last request: 10.675542 seconds.
  path: Assets/Scripts/ObstacleDataEditor.cs
  artifactKey: Guid(8dd7ad1ec31e6e0408b7571893b47031) Importer(2089858483,192608db42251d675da83286b1cce702)
Start importing Assets/Scripts/ObstacleDataEditor.cs using Guid(8dd7ad1ec31e6e0408b7571893b47031) Importer(2089858483,192608db42251d675da83286b1cce702) (ScriptedImporter) -> (artifact id: 'f9c0fa9fd494d6a3976b6458eeea5614') in 0.4655591 seconds
Number of updated asset objects reloaded before import = 0Number of asset objects unloaded after import = 0

========================================================================
Received Import Request.
  Time since last request: 0.000044 seconds.
  path: Assets/FreeAnimatedSpaceMan/animations_legacy
  artifactKey: Guid(0c52f62e42afb5f49ba2c69e3d26d312) Importer(2089858483,192608db42251d675da83286b1cce702)
Start importing Assets/FreeAnimatedSpaceMan/animations_legacy using Guid(0c52f62e42afb5f49ba2c69e3d26d312) Importer(2089858483,192608db42251d675da83286b1cce702) (ScriptedImporter) -> (artifact id: '724cbee780aea0ffd009cbc319fe0eb3') in 0.0234741 seconds
Number of updated asset objects reloaded before import = 0Number of asset objects unloaded after import = 1

========================================================================
Received Import Request.
  Time since last request: 0.000093 seconds.
  path: Assets/FreeAnimatedSpaceMan/animations_mecanim/Run.FBX
  artifactKey: Guid(88c2aadb30c496a48996821711786ade) Importer(2089858483,192608db42251d675da83286b1cce702)
Start importing Assets/FreeAnimatedSpaceMan/animations_mecanim/Run.FBX using Guid(88c2aadb30c496a48996821711786ade) Importer(2089858483,192608db42251d675da83286b1cce702) (ScriptedImporter) -> (artifact id: 'eb8e7cec536e7c01981f4e6d5d957a2d') in 0.123704 seconds
Number of updated asset objects reloaded before import = 0Number of asset objects unloaded after import = 106

========================================================================
Received Import Request.
  Time since last request: 0.000048 seconds.
  path: Assets/FreeAnimatedSpaceMan/Models/Plane.FBX
  artifactKey: Guid(9748ac02c29d6844495e87d57e8288b7) Importer(2089858483,192608db42251d675da83286b1cce702)
Start importing Assets/FreeAnimatedSpaceMan/Models/Plane.FBX using Guid(9748ac02c29d6844495e87d57e8288b7) Importer(2089858483,192608db42251d675da83286b1cce702) (ScriptedImporter) -> (artifact id: 'fa32271f15a8b516c7b9da4327551ae1') in 0.0722045 seconds
Number of updated asset objects reloaded before import = 0Number of asset objects unloaded after import = 9

========================================================================
Received Import Request.
  Time since last request: 0.000085 seconds.
  path: Assets/FreeAnimatedSpaceMan/Materials/Plane.mat
  artifactKey: Guid(0631bac512dbddd4eb71a58e6504c793) Importer(2089858483,192608db42251d675da83286b1cce702)
Start importing Assets/FreeAnimatedSpaceMan/Materials/Plane.mat using Guid(0631bac512dbddd4eb71a58e6504c793) Importer(2089858483,192608db42251d675da83286b1cce702) (ScriptedImporter) -> (artifact id: 'bca2af6304fdbdb7e86a3205636d8ecd') in 0.0360701 seconds
Number of updated asset objects reloaded before import = 0Number of asset objects unloaded after import = 1

========================================================================
Received Import Request.
  Time since last request: 0.000071 seconds.
  path: Assets/FreeAnimatedSpaceMan/animations_mecanim/space_man_controller.controller
  artifactKey: Guid(3fddf5519a321ec4bb1315b9ec0a1a9e) Importer(2089858483,192608db42251d675da83286b1cce702)
Start importing Assets/FreeAnimatedSpaceMan/animations_mecanim/space_man_controller.controller using Guid(3fddf5519a321ec4bb1315b9ec0a1a9e) Importer(2089858483,192608db42251d675da83286b1cce702) (ScriptedImporter) -> (artifact id: '67352203a7e346f56095f93b4f06786e') in 0.0388257 seconds
Number of updated asset objects reloaded before import = 0Number of asset objects unloaded after import = 17

========================================================================
Received Import Request.
  Time since last request: 0.000063 seconds.
  path: Assets/FreeAnimatedSpaceMan/animations_mecanim/Run_Left.FBX
  artifactKey: Guid(be6a3cb8fa825e04087db21b112c471f) Importer(2089858483,192608db42251d675da83286b1cce702)
Start importing Assets/FreeAnimatedSpaceMan/animations_mecanim/Run_Left.FBX using Guid(be6a3cb8fa825e04087db21b112c471f) Importer(2089858483,192608db42251d675da83286b1cce702) (ScriptedImporter) -> (artifact id: '0a4f8eda26a33ff3873c10c12c0cfa7a') in 0.0671649 seconds
Number of updated asset objects reloaded before import = 0Number of asset objects unloaded after import = 106

========================================================================
Received Import Request.
  Time since last request: 0.000063 seconds.
  path: Assets/Scenes/SampleScene.unity
  artifactKey: Guid(99c9720ab356a0642a771bea13969a05) Importer(2089858483,192608db42251d675da83286b1cce702)
Start importing Assets/Scenes/SampleScene.unity using Guid(99c9720ab356a0642a771bea13969a05) Importer(2089858483,192608db42251d675da83286b1cce702) (ScriptedImporter) -> (artifact id: '9157cb9e79072e6b4b4648573d8807c0') in 0.0357831 seconds
Number of updated asset objects reloaded before import = 0Number of asset objects unloaded after import = 1

========================================================================
Received Import Request.
  Time since last request: 0.000052 seconds.
  path: Assets/FreeAnimatedSpaceMan/Prefab/desktop.ini
  artifactKey: Guid(aaaaf014bc311ca458338aed04b3abf1) Importer(2089858483,192608db42251d675da83286b1cce702)
Start importing Assets/FreeAnimatedSpaceMan/Prefab/desktop.ini using Guid(aaaaf014bc311ca458338aed04b3abf1) Importer(2089858483,192608db42251d675da83286b1cce702) (ScriptedImporter) -> (artifact id: 'ceba83e684089610d5c8a42f187090e5') in 0.0218183 seconds
Number of updated asset objects reloaded before import = 0Number of asset objects unloaded after import = 1

========================================================================
Received Import Request.
  Time since last request: 0.000044 seconds.
  path: Assets/FreeAnimatedSpaceMan/Textures/SpaceMan_Rank_02_Blue.png
  artifactKey: Guid(e64442d6c716d0649863c2cd5918df9a) Importer(2089858483,192608db42251d675da83286b1cce702)
Start importing Assets/FreeAnimatedSpaceMan/Textures/SpaceMan_Rank_02_Blue.png using Guid(e64442d6c716d0649863c2cd5918df9a) Importer(2089858483,192608db42251d675da83286b1cce702) (ScriptedImporter) -> (artifact id: 'e1c8b54c007fa779b4cf2d0e86f05479') in 0.0779946 seconds
Number of updated asset objects reloaded before import = 0Number of asset objects unloaded after import = 1

========================================================================
Received Import Request.
  Time since last request: 0.000063 seconds.
  path: Assets/Free Halloween Pumpkin/Materials
  artifactKey: Guid(a58dbc3f5354d4e0cb92f73110749d03) Importer(2089858483,192608db42251d675da83286b1cce702)
Start importing Assets/Free Halloween Pumpkin/Materials using Guid(a58dbc3f5354d4e0cb92f73110749d03) Importer(2089858483,192608db42251d675da83286b1cce702) (ScriptedImporter) -> (artifact id: '3d20adb2682707d58c6ed1ea407cf4e2') in 0.0241669 seconds
Number of updated asset objects reloaded before import = 0Number of asset objects unloaded after import = 1

========================================================================
Received Import Request.
  Time since last request: 0.000078 seconds.
  path: Assets/FreeAnimatedSpaceMan/Models/Long_Rifle_03.FBX
  artifactKey: Guid(38120c969ec9408409ef16abe37ffe02) Importer(2089858483,192608db42251d675da83286b1cce702)
Start importing Assets/FreeAnimatedSpaceMan/Models/Long_Rifle_03.FBX using Guid(38120c969ec9408409ef16abe37ffe02) Importer(2089858483,192608db42251d675da83286b1cce702) (ScriptedImporter) -> (artifact id: 'c185161f90a7ae3cda8c88ebd3319e50') in 0.0337466 seconds
Number of updated asset objects reloaded before import = 0Number of asset objects unloaded after import = 7

========================================================================
Received Import Request.
  Time since last request: 0.000040 seconds.
  path: Assets/Free Halloween Pumpkin/Models
  artifactKey: Guid(7903c9fe88b3946e684b7db2707b8486) Importer(2089858483,192608db42251d675da83286b1cce702)
Start importing Assets/Free Halloween Pumpkin/Models using Guid(7903c9fe88b3946e684b7db2707b8486) Importer(2089858483,192608db42251d675da83286b1cce702) (ScriptedImporter) -> (artifact id: 'f7c5281409de5fc9851558e90240bbea') in 0.021908 seconds
Number of updated asset objects reloaded before import = 0Number of asset objects unloaded after import = 1

========================================================================
Received Import Request.
  Time since last request: 0.000085 seconds.
  path: Assets/Scripts/TileSelect.cs
  artifactKey: Guid(c656cc42838d5dc459bb284fdd74bcb2) Importer(2089858483,192608db42251d675da83286b1cce702)
Start importing Assets/Scripts/TileSelect.cs using Guid(c656cc42838d5dc459bb284fdd74bcb2) Importer(2089858483,192608db42251d675da83286b1cce702) (ScriptedImporter) -> (artifact id: 'b5f40755de301144ad89f3f3c25f68b2') in 0.0244561 seconds
Number of updated asset objects reloaded before import = 0Number of asset objects unloaded after import = 0

========================================================================
Received Import Request.
  Time since last request: 0.000057 seconds.
  path: Assets/Free Halloween Pumpkin/Textures
  artifactKey: Guid(850fb3291048843bf89698fb8b1e7582) Importer(2089858483,192608db42251d675da83286b1cce702)
Start importing Assets/Free Halloween Pumpkin/Textures using Guid(850fb3291048843bf89698fb8b1e7582) Importer(2089858483,192608db42251d675da83286b1cce702) (ScriptedImporter) -> (artifact id: '2c4308c2cfdfda83767544bd6353d798') in 0.0200192 seconds
Number of updated asset objects reloaded before import = 0Number of asset objects unloaded after import = 1

========================================================================
Received Import Request.
  Time since last request: 0.000103 seconds.
  path: Assets/FreeAnimatedSpaceMan/Prefab/space_man_model.prefab
  artifactKey: Guid(e7965cb5f3b6b49439772edd4131b2b0) Importer(2089858483,192608db42251d675da83286b1cce702)
Start importing Assets/FreeAnimatedSpaceMan/Prefab/space_man_model.prefab using Guid(e7965cb5f3b6b49439772edd4131b2b0) Importer(2089858483,192608db42251d675da83286b1cce702) (ScriptedImporter) -> (artifact id: '64674ef87f154866efdbdad49aac1ef5') in 0.056542 seconds
Number of updated asset objects reloaded before import = 0Number of asset objects unloaded after import = 130

========================================================================
Received Import Request.
  Time since last request: 0.000057 seconds.
  path: Assets/Free Halloween Pumpkin/Materials/MysticalCartoonHalloweenPack_Material.mat
  artifactKey: Guid(197b2c719fae147db8c15f4d01d1fbfb) Importer(2089858483,192608db42251d675da83286b1cce702)
Start importing Assets/Free Halloween Pumpkin/Materials/MysticalCartoonHalloweenPack_Material.mat using Guid(197b2c719fae147db8c15f4d01d1fbfb) Importer(2089858483,192608db42251d675da83286b1cce702) (ScriptedImporter) -> (artifact id: '354ce94418b80be3566b8bcd47c6232a') in 0.0200325 seconds
Number of updated asset objects reloaded before import = 0Number of asset objects unloaded after import = 2

========================================================================
Received Import Request.
  Time since last request: 0.000070 seconds.
  path: Assets/FreeAnimatedSpaceMan/Models/desktop.ini
  artifactKey: Guid(60640f6bd3aa7e845aae32b07d803ddf) Importer(2089858483,192608db42251d675da83286b1cce702)
Start importing Assets/FreeAnimatedSpaceMan/Models/desktop.ini using Guid(60640f6bd3aa7e845aae32b07d803ddf) Importer(2089858483,192608db42251d675da83286b1cce702) (ScriptedImporter) -> (artifact id: '8b76845a6f3fd1071f53f76aa66cba0b') in 0.0172695 seconds
Number of updated asset objects reloaded before import = 0Number of asset objects unloaded after import = 1

========================================================================
Received Import Request.
  Time since last request: 0.000090 seconds.
  path: Assets/FreeAnimatedSpaceMan/Textures/SpaceMan_Weapons_Rank_02.png
  artifactKey: Guid(e35a3cb3d5329da4dafdc1d299f845d5) Importer(2089858483,192608db42251d675da83286b1cce702)
Start importing Assets/FreeAnimatedSpaceMan/Textures/SpaceMan_Weapons_Rank_02.png using Guid(e35a3cb3d5329da4dafdc1d299f845d5) Importer(2089858483,192608db42251d675da83286b1cce702) (ScriptedImporter) -> (artifact id: 'df867d72d3c8c48f0f8e7bbed9cc621b') in 0.0346063 seconds
Number of updated asset objects reloaded before import = 0Number of asset objects unloaded after import = 1

========================================================================
Received Import Request.
  Time since last request: 0.000108 seconds.
  path: Assets/FreeAnimatedSpaceMan/animations_mecanim/Run_back.FBX
  artifactKey: Guid(e6cd4bb206bb7c94b9e8b949ddfbfe90) Importer(2089858483,192608db42251d675da83286b1cce702)
Start importing Assets/FreeAnimatedSpaceMan/animations_mecanim/Run_back.FBX using Guid(e6cd4bb206bb7c94b9e8b949ddfbfe90) Importer(2089858483,192608db42251d675da83286b1cce702) (ScriptedImporter) -> (artifact id: 'a7eea8d773a9e144258fb28925f849cf') in 0.0369294 seconds
Number of updated asset objects reloaded before import = 0Number of asset objects unloaded after import = 106

========================================================================
Received Import Request.
  Time since last request: 0.000033 seconds.
  path: Assets/Free Halloween Pumpkin/Prefabs/BSS_Pumpkin_Orange_Angry.prefab
  artifactKey: Guid(4fbf5f8f2fe5340e589b5df8b95dcebd) Importer(2089858483,192608db42251d675da83286b1cce702)
Start importing Assets/Free Halloween Pumpkin/Prefabs/BSS_Pumpkin_Orange_Angry.prefab using Guid(4fbf5f8f2fe5340e589b5df8b95dcebd) Importer(2089858483,192608db42251d675da83286b1cce702) (ScriptedImporter) -> (artifact id: 'c3d6466b12d6612ce18d3505b25a35d8') in 0.0371207 seconds
Number of updated asset objects reloaded before import = 0Number of asset objects unloaded after import = 9

========================================================================
Received Import Request.
  Time since last request: 0.000043 seconds.
  path: Assets/FreeAnimatedSpaceMan/Materials/desktop.ini
  artifactKey: Guid(427cd3df47c50f54a9fe123177e50de8) Importer(2089858483,192608db42251d675da83286b1cce702)
Start importing Assets/FreeAnimatedSpaceMan/Materials/desktop.ini using Guid(427cd3df47c50f54a9fe123177e50de8) Importer(2089858483,192608db42251d675da83286b1cce702) (ScriptedImporter) -> (artifact id: 'a47d6d297347e6a12d884ebb2b6dcbb0') in 0.0206959 seconds
Number of updated asset objects reloaded before import = 0Number of asset objects unloaded after import = 1

========================================================================
Received Import Request.
  Time since last request: 0.000089 seconds.
  path: Assets/FreeAnimatedSpaceMan/animations_mecanim/Run_Right.FBX
  artifactKey: Guid(ed66f407effdce94fa9c1211a10e358d) Importer(2089858483,192608db42251d675da83286b1cce702)
Start importing Assets/FreeAnimatedSpaceMan/animations_mecanim/Run_Right.FBX using Guid(ed66f407effdce94fa9c1211a10e358d) Importer(2089858483,192608db42251d675da83286b1cce702) (ScriptedImporter) -> (artifact id: '51783305e968b91e72cdac9a82f7a0b6') in 0.0401918 seconds
Number of updated asset objects reloaded before import = 0Number of asset objects unloaded after import = 106

========================================================================
Received Import Request.
  Time since last request: 0.000068 seconds.
  path: Assets/FreeAnimatedSpaceMan/animations_legacy/Run_Left.FBX
  artifactKey: Guid(0869a73c0e0ae734aa743d2ce50a7ad1) Importer(2089858483,192608db42251d675da83286b1cce702)
Start importing Assets/FreeAnimatedSpaceMan/animations_legacy/Run_Left.FBX using Guid(0869a73c0e0ae734aa743d2ce50a7ad1) Importer(2089858483,192608db42251d675da83286b1cce702) (ScriptedImporter) -> (artifact id: 'bf015fb47a51c98d168b0ec3cc9ca39e') in 0.0483931 seconds
Number of updated asset objects reloaded before import = 0Number of asset objects unloaded after import = 106

========================================================================
Received Import Request.
  Time since last request: 0.000074 seconds.
  path: Assets/FreeAnimatedSpaceMan/Models
  artifactKey: Guid(71a74b97231f86e4caa0a05db1894a48) Importer(2089858483,192608db42251d675da83286b1cce702)
Start importing Assets/FreeAnimatedSpaceMan/Models using Guid(71a74b97231f86e4caa0a05db1894a48) Importer(2089858483,192608db42251d675da83286b1cce702) (ScriptedImporter) -> (artifact id: 'ca816060f78237981b67730d379524c2') in 0.0176829 seconds
Number of updated asset objects reloaded before import = 0Number of asset objects unloaded after import = 1

========================================================================
Received Prepare
Begin MonoManager ReloadAssembly
[Licensing::Client] Successfully resolved entitlement details
- Loaded All Assemblies, in  1.806 seconds
Refreshing native plugins compatible for Editor in 1.15 ms, found 3 plugins.
Native extension for UWP target not found
Native extension for WindowsStandalone target not found
Native extension for WebGL target not found
[Package Manager] Failed to launch server process. Reason: Unity was launched with the -noUpm command-line argument
[Package Manager] Unable to send message (not connected to server process).
[Package Manager] Cannot connect to Unity Package Manager local server
Mono: successfully reloaded assembly
- Finished resetting the current domain, in  1.120 seconds
Domain Reload Profiling: 2934ms
	BeginReloadAssembly (561ms)
		ExecutionOrderSort (0ms)
		DisableScriptedObjects (36ms)
		BackupInstance (0ms)
		ReleaseScriptingObjects (3ms)
		CreateAndSetChildDomain (209ms)
	RebuildCommonClasses (48ms)
	RebuildNativeTypeToScriptingClass (13ms)
	initialDomainReloadingComplete (40ms)
	LoadAllAssembliesAndSetupDomain (1152ms)
		LoadAssemblies (1059ms)
		RebuildTransferFunctionScriptingTraits (0ms)
		AnalyzeDomain (315ms)
			TypeCache.Refresh (10ms)
				TypeCache.ScanAssembly (0ms)
			BuildScriptInfoCaches (278ms)
			ResolveRequiredComponents (17ms)
	FinalizeReload (1121ms)
		ReleaseScriptCaches (0ms)
		RebuildScriptCaches (0ms)
		SetupLoadedEditorAssemblies (865ms)
			LogAssemblyErrors (0ms)
			InitializePlatformSupportModulesInManaged (7ms)
			SetLoadedEditorAssemblies (9ms)
			BeforeProcessingInitializeOnLoad (185ms)
			ProcessInitializeOnLoadAttributes (584ms)
			ProcessInitializeOnLoadMethodAttributes (70ms)
			AfterProcessingInitializeOnLoad (9ms)
			EditorAssembliesLoaded (1ms)
		ExecutionOrderSort2 (0ms)
		AwakeInstancesAfterBackupRestoration (28ms)
Refreshing native plugins compatible for Editor in 0.96 ms, found 3 plugins.
Preloading 0 native plugins for Editor in 0.00 ms.
Unloading 13 Unused Serialized files (Serialized files now loaded: 0)
Unloading 6101 unused Assets / (5.5 MB). Loaded Objects now: 6988.
Memory consumption went from 149.7 MB to 144.2 MB.
Total: 19.306400 ms (FindLiveObjects: 1.536900 ms CreateObjectMapping: 1.258200 ms MarkObjects: 8.990500 ms  DeleteObjects: 7.518700 ms)

Prepare: number of updated asset objects reloaded= 0
========================================================================
Received Prepare
Begin MonoManager ReloadAssembly
- Loaded All Assemblies, in  0.961 seconds
Refreshing native plugins compatible for Editor in 0.76 ms, found 3 plugins.
Native extension for UWP target not found
Native extension for WindowsStandalone target not found
Native extension for WebGL target not found
[Package Manager] Failed to launch server process. Reason: Unity was launched with the -noUpm command-line argument
[Package Manager] Unable to send message (not connected to server process).
[Package Manager] Cannot connect to Unity Package Manager local server
Mono: successfully reloaded assembly
- Finished resetting the current domain, in  0.932 seconds
Domain Reload Profiling: 1896ms
	BeginReloadAssembly (254ms)
		ExecutionOrderSort (0ms)
		DisableScriptedObjects (6ms)
		BackupInstance (0ms)
		ReleaseScriptingObjects (0ms)
		CreateAndSetChildDomain (59ms)
	RebuildCommonClasses (51ms)
	RebuildNativeTypeToScriptingClass (13ms)
	initialDomainReloadingComplete (35ms)
	LoadAllAssembliesAndSetupDomain (611ms)
		LoadAssemblies (525ms)
		RebuildTransferFunctionScriptingTraits (0ms)
		AnalyzeDomain (210ms)
			TypeCache.Refresh (7ms)
				TypeCache.ScanAssembly (0ms)
			BuildScriptInfoCaches (184ms)
			ResolveRequiredComponents (14ms)
	FinalizeReload (932ms)
		ReleaseScriptCaches (0ms)
		RebuildScriptCaches (0ms)
		SetupLoadedEditorAssemblies (718ms)
			LogAssemblyErrors (0ms)
			InitializePlatformSupportModulesInManaged (4ms)
			SetLoadedEditorAssemblies (4ms)
			BeforeProcessingInitializeOnLoad (157ms)
			ProcessInitializeOnLoadAttributes (454ms)
			ProcessInitializeOnLoadMethodAttributes (89ms)
			AfterProcessingInitializeOnLoad (10ms)
			EditorAssembliesLoaded (1ms)
		ExecutionOrderSort2 (0ms)
		AwakeInstancesAfterBackupRestoration (33ms)
Refreshing native plugins compatible for Editor in 1.20 ms, found 3 plugins.
Preloading 0 native plugins for Editor in 0.00 ms.
Unloading 13 Unused Serialized files (Serialized files now loaded: 0)
Unloading 6100 unused Assets / (4.2 MB). Loaded Objects now: 6991.
Memory consumption went from 149.6 MB to 145.4 MB.
Total: 13.880800 ms (FindLiveObjects: 1.041700 ms CreateObjectMapping: 1.021400 ms MarkObjects: 7.554600 ms  DeleteObjects: 4.261000 ms)

Prepare: number of updated asset objects reloaded= 0
========================================================================
Received Prepare
Begin MonoManager ReloadAssembly
[Licensing::Client] Successfully resolved entitlement details
- Loaded All Assemblies, in  0.872 seconds
Refreshing native plugins compatible for Editor in 0.80 ms, found 3 plugins.
Native extension for UWP target not found
Native extension for WindowsStandalone target not found
Native extension for WebGL target not found
[Package Manager] Failed to launch server process. Reason: Unity was launched with the -noUpm command-line argument
[Package Manager] Unable to send message (not connected to server process).
[Package Manager] Cannot connect to Unity Package Manager local server
Mono: successfully reloaded assembly
- Finished resetting the current domain, in  0.872 seconds
Domain Reload Profiling: 1746ms
	BeginReloadAssembly (279ms)
		ExecutionOrderSort (0ms)
		DisableScriptedObjects (8ms)
		BackupInstance (0ms)
		ReleaseScriptingObjects (0ms)
		CreateAndSetChildDomain (69ms)
	RebuildCommonClasses (48ms)
	RebuildNativeTypeToScriptingClass (14ms)
	initialDomainReloadingComplete (35ms)
	LoadAllAssembliesAndSetupDomain (497ms)
		LoadAssemblies (431ms)
		RebuildTransferFunctionScriptingTraits (0ms)
		AnalyzeDomain (203ms)
			TypeCache.Refresh (7ms)
				TypeCache.ScanAssembly (0ms)
			BuildScriptInfoCaches (177ms)
			ResolveRequiredComponents (13ms)
	FinalizeReload (873ms)
		ReleaseScriptCaches (0ms)
		RebuildScriptCaches (0ms)
		SetupLoadedEditorAssemblies (678ms)
			LogAssemblyErrors (0ms)
			InitializePlatformSupportModulesInManaged (4ms)
			SetLoadedEditorAssemblies (6ms)
			BeforeProcessingInitializeOnLoad (155ms)
			ProcessInitializeOnLoadAttributes (435ms)
			ProcessInitializeOnLoadMethodAttributes (70ms)
			AfterProcessingInitializeOnLoad (7ms)
			EditorAssembliesLoaded (1ms)
		ExecutionOrderSort2 (0ms)
		AwakeInstancesAfterBackupRestoration (24ms)
Refreshing native plugins compatible for Editor in 1.14 ms, found 3 plugins.
Preloading 0 native plugins for Editor in 0.00 ms.
Unloading 13 Unused Serialized files (Serialized files now loaded: 0)
Unloading 6100 unused Assets / (4.4 MB). Loaded Objects now: 6994.
Memory consumption went from 149.8 MB to 145.4 MB.
Total: 14.150900 ms (FindLiveObjects: 0.978900 ms CreateObjectMapping: 0.560400 ms MarkObjects: 7.654800 ms  DeleteObjects: 4.954700 ms)

Prepare: number of updated asset objects reloaded= 0
========================================================================
Received Prepare
Refreshing native plugins compatible for Editor in 0.92 ms, found 3 plugins.
Preloading 0 native plugins for Editor in 0.00 ms.
Unloading 13 Unused Serialized files (Serialized files now loaded: 0)
Unloading 6095 unused Assets / (4.3 MB). Loaded Objects now: 6995.
Memory consumption went from 150.0 MB to 145.7 MB.
Total: 10.592300 ms (FindLiveObjects: 1.043400 ms CreateObjectMapping: 0.510800 ms MarkObjects: 6.198600 ms  DeleteObjects: 2.837900 ms)

Prepare: number of updated asset objects reloaded= 0
========================================================================
Received Import Request.
  Time since last request: 357.758146 seconds.
  path: Assets/Scripts/PlayerControl.cs
  artifactKey: Guid(92508415590f6ad4daf6252136477162) Importer(815301076,1909f56bfc062723c751e8b465ee728b)
Start importing Assets/Scripts/PlayerControl.cs using Guid(92508415590f6ad4daf6252136477162) Importer(815301076,1909f56bfc062723c751e8b465ee728b) (PreviewImporter) -> (artifact id: '3cff6953838b8a1ede9b541b127c5761') in 0.0676993 seconds
Number of updated asset objects reloaded before import = 0Number of asset objects unloaded after import = 0

========================================================================
Received Import Request.
  Time since last request: 0.000027 seconds.
  path: Assets/Scripts/PlayerControl.cs
  artifactKey: Guid(92508415590f6ad4daf6252136477162) Importer(2089858483,192608db42251d675da83286b1cce702)
Start importing Assets/Scripts/PlayerControl.cs using Guid(92508415590f6ad4daf6252136477162) Importer(2089858483,192608db42251d675da83286b1cce702) (ScriptedImporter) -> (artifact id: '6aa395c102198f2b3d5a10125af1cd1e') in 0.2656149 seconds
Number of updated asset objects reloaded before import = 0Number of asset objects unloaded after import = 0

========================================================================
Received Prepare
Begin MonoManager ReloadAssembly
[Licensing::Client] Successfully resolved entitlement details
- Loaded All Assemblies, in  1.127 seconds
Refreshing native plugins compatible for Editor in 0.78 ms, found 3 plugins.
Native extension for UWP target not found
Native extension for WindowsStandalone target not found
Native extension for WebGL target not found
[Package Manager] Failed to launch server process. Reason: Unity was launched with the -noUpm command-line argument
[Package Manager] Unable to send message (not connected to server process).
[Package Manager] Cannot connect to Unity Package Manager local server
Mono: successfully reloaded assembly
- Finished resetting the current domain, in  1.345 seconds
Domain Reload Profiling: 2472ms
	BeginReloadAssembly (346ms)
		ExecutionOrderSort (0ms)
		DisableScriptedObjects (13ms)
		BackupInstance (0ms)
		ReleaseScriptingObjects (0ms)
		CreateAndSetChildDomain (118ms)
	RebuildCommonClasses (49ms)
	RebuildNativeTypeToScriptingClass (13ms)
	initialDomainReloadingComplete (42ms)
	LoadAllAssembliesAndSetupDomain (675ms)
		LoadAssemblies (578ms)
		RebuildTransferFunctionScriptingTraits (0ms)
		AnalyzeDomain (227ms)
			TypeCache.Refresh (26ms)
				TypeCache.ScanAssembly (0ms)
			BuildScriptInfoCaches (182ms)
			ResolveRequiredComponents (14ms)
	FinalizeReload (1346ms)
		ReleaseScriptCaches (0ms)
		RebuildScriptCaches (0ms)
		SetupLoadedEditorAssemblies (1094ms)
			LogAssemblyErrors (0ms)
			InitializePlatformSupportModulesInManaged (5ms)
			SetLoadedEditorAssemblies (10ms)
			BeforeProcessingInitializeOnLoad (234ms)
			ProcessInitializeOnLoadAttributes (738ms)
			ProcessInitializeOnLoadMethodAttributes (96ms)
			AfterProcessingInitializeOnLoad (10ms)
			EditorAssembliesLoaded (1ms)
		ExecutionOrderSort2 (0ms)
		AwakeInstancesAfterBackupRestoration (28ms)
Refreshing native plugins compatible for Editor in 3.12 ms, found 3 plugins.
Preloading 0 native plugins for Editor in 0.00 ms.
Unloading 13 Unused Serialized files (Serialized files now loaded: 0)
Unloading 6101 unused Assets / (5.7 MB). Loaded Objects now: 6998.
Memory consumption went from 149.9 MB to 144.1 MB.
Total: 21.230900 ms (FindLiveObjects: 1.172300 ms CreateObjectMapping: 1.120200 ms MarkObjects: 7.988200 ms  DeleteObjects: 10.946400 ms)

Prepare: number of updated asset objects reloaded= 0
========================================================================
Received Prepare
Refreshing native plugins compatible for Editor in 1.28 ms, found 3 plugins.
Preloading 0 native plugins for Editor in 0.00 ms.
Unloading 13 Unused Serialized files (Serialized files now loaded: 0)
Unloading 6095 unused Assets / (4.9 MB). Loaded Objects now: 6998.
Memory consumption went from 150.1 MB to 145.1 MB.
Total: 19.194000 ms (FindLiveObjects: 1.645900 ms CreateObjectMapping: 1.260900 ms MarkObjects: 10.173900 ms  DeleteObjects: 6.112000 ms)

Prepare: number of updated asset objects reloaded= 0
========================================================================
Received Prepare
Refreshing native plugins compatible for Editor in 1.48 ms, found 3 plugins.
Preloading 0 native plugins for Editor in 0.00 ms.
Unloading 13 Unused Serialized files (Serialized files now loaded: 0)
Unloading 6095 unused Assets / (5.9 MB). Loaded Objects now: 6998.
Memory consumption went from 150.1 MB to 144.2 MB.
Total: 17.057000 ms (FindLiveObjects: 1.046100 ms CreateObjectMapping: 1.138100 ms MarkObjects: 9.584100 ms  DeleteObjects: 5.286300 ms)

Prepare: number of updated asset objects reloaded= 0
========================================================================
Received Prepare
Begin MonoManager ReloadAssembly
[Licensing::Client] Successfully resolved entitlement details
- Loaded All Assemblies, in  2.364 seconds
Refreshing native plugins compatible for Editor in 1.04 ms, found 3 plugins.
Native extension for UWP target not found
Native extension for WindowsStandalone target not found
Native extension for WebGL target not found
[Package Manager] Failed to launch server process. Reason: Unity was launched with the -noUpm command-line argument
[Package Manager] Unable to send message (not connected to server process).
[Package Manager] Cannot connect to Unity Package Manager local server
Mono: successfully reloaded assembly
- Finished resetting the current domain, in  1.039 seconds
Domain Reload Profiling: 3405ms
	BeginReloadAssembly (955ms)
		ExecutionOrderSort (0ms)
		DisableScriptedObjects (55ms)
		BackupInstance (0ms)
		ReleaseScriptingObjects (1ms)
		CreateAndSetChildDomain (415ms)
	RebuildCommonClasses (61ms)
	RebuildNativeTypeToScriptingClass (13ms)
	initialDomainReloadingComplete (59ms)
	LoadAllAssembliesAndSetupDomain (1276ms)
		LoadAssemblies (1206ms)
		RebuildTransferFunctionScriptingTraits (0ms)
		AnalyzeDomain (367ms)
			TypeCache.Refresh (38ms)
				TypeCache.ScanAssembly (2ms)
			BuildScriptInfoCaches (283ms)
			ResolveRequiredComponents (27ms)
	FinalizeReload (1040ms)
		ReleaseScriptCaches (0ms)
		RebuildScriptCaches (0ms)
		SetupLoadedEditorAssemblies (785ms)
			LogAssemblyErrors (0ms)
			InitializePlatformSupportModulesInManaged (6ms)
			SetLoadedEditorAssemblies (9ms)
			BeforeProcessingInitializeOnLoad (200ms)
			ProcessInitializeOnLoadAttributes (497ms)
			ProcessInitializeOnLoadMethodAttributes (65ms)
			AfterProcessingInitializeOnLoad (7ms)
			EditorAssembliesLoaded (1ms)
		ExecutionOrderSort2 (0ms)
		AwakeInstancesAfterBackupRestoration (19ms)
Refreshing native plugins compatible for Editor in 0.87 ms, found 3 plugins.
Preloading 0 native plugins for Editor in 0.00 ms.
Unloading 13 Unused Serialized files (Serialized files now loaded: 0)
Unloading 6101 unused Assets / (4.6 MB). Loaded Objects now: 7001.
Memory consumption went from 149.9 MB to 145.4 MB.
Total: 10.802500 ms (FindLiveObjects: 1.131300 ms CreateObjectMapping: 0.407100 ms MarkObjects: 5.874700 ms  DeleteObjects: 3.388100 ms)

Prepare: number of updated asset objects reloaded= 0
========================================================================
Received Prepare
Begin MonoManager ReloadAssembly
- Loaded All Assemblies, in  0.870 seconds
Refreshing native plugins compatible for Editor in 0.99 ms, found 3 plugins.
Native extension for UWP target not found
Native extension for WindowsStandalone target not found
Native extension for WebGL target not found
[Package Manager] Failed to launch server process. Reason: Unity was launched with the -noUpm command-line argument
[Package Manager] Unable to send message (not connected to server process).
[Package Manager] Cannot connect to Unity Package Manager local server
Mono: successfully reloaded assembly
- Finished resetting the current domain, in  0.877 seconds
Domain Reload Profiling: 1750ms
	BeginReloadAssembly (267ms)
		ExecutionOrderSort (0ms)
		DisableScriptedObjects (6ms)
		BackupInstance (0ms)
		ReleaseScriptingObjects (0ms)
		CreateAndSetChildDomain (72ms)
	RebuildCommonClasses (41ms)
	RebuildNativeTypeToScriptingClass (14ms)
	initialDomainReloadingComplete (35ms)
	LoadAllAssembliesAndSetupDomain (515ms)
		LoadAssemblies (432ms)
		RebuildTransferFunctionScriptingTraits (0ms)
		AnalyzeDomain (205ms)
			TypeCache.Refresh (11ms)
				TypeCache.ScanAssembly (0ms)
			BuildScriptInfoCaches (176ms)
			ResolveRequiredComponents (13ms)
	FinalizeReload (878ms)
		ReleaseScriptCaches (0ms)
		RebuildScriptCaches (0ms)
		SetupLoadedEditorAssemblies (686ms)
			LogAssemblyErrors (0ms)
			InitializePlatformSupportModulesInManaged (4ms)
			SetLoadedEditorAssemblies (6ms)
			BeforeProcessingInitializeOnLoad (156ms)
			ProcessInitializeOnLoadAttributes (446ms)
			ProcessInitializeOnLoadMethodAttributes (66ms)
			AfterProcessingInitializeOnLoad (8ms)
			EditorAssembliesLoaded (0ms)
		ExecutionOrderSort2 (0ms)
		AwakeInstancesAfterBackupRestoration (21ms)
Refreshing native plugins compatible for Editor in 1.81 ms, found 3 plugins.
Preloading 0 native plugins for Editor in 0.00 ms.
Unloading 13 Unused Serialized files (Serialized files now loaded: 0)
Unloading 6101 unused Assets / (6.1 MB). Loaded Objects now: 7004.
Memory consumption went from 150.0 MB to 143.9 MB.
Total: 16.767100 ms (FindLiveObjects: 1.297100 ms CreateObjectMapping: 1.008700 ms MarkObjects: 7.181600 ms  DeleteObjects: 7.277500 ms)

Prepare: number of updated asset objects reloaded= 0
========================================================================
Received Import Request.
  Time since last request: 1118.941622 seconds.
  path: Assets/FreeAnimatedSpaceMan/animations_legacy
  artifactKey: Guid(0c52f62e42afb5f49ba2c69e3d26d312) Importer(815301076,1909f56bfc062723c751e8b465ee728b)
Start importing Assets/FreeAnimatedSpaceMan/animations_legacy using Guid(0c52f62e42afb5f49ba2c69e3d26d312) Importer(815301076,1909f56bfc062723c751e8b465ee728b) (PreviewImporter) -> (artifact id: '886b65310cac3bfe451ee0bcf0da727d') in 0.5007926 seconds
Number of updated asset objects reloaded before import = 0Number of asset objects unloaded after import = 0

========================================================================
Received Import Request.
  Time since last request: 0.000216 seconds.
  path: Assets/FreeAnimatedSpaceMan/animations_legacy/Run_Right.FBX
  artifactKey: Guid(338747b53ccb281438ca94866ff1d744) Importer(815301076,1909f56bfc062723c751e8b465ee728b)
Start importing Assets/FreeAnimatedSpaceMan/animations_legacy/Run_Right.FBX using Guid(338747b53ccb281438ca94866ff1d744) Importer(815301076,1909f56bfc062723c751e8b465ee728b) (PreviewImporter) -> (artifact id: 'da7124a3bf5426f6c89f25382c76e4bc') in 1.5031171 seconds
Number of updated asset objects reloaded before import = 0Number of asset objects unloaded after import = 106

========================================================================
Received Import Request.
  Time since last request: 0.794024 seconds.
  path: Assets/FreeAnimatedSpaceMan/animations_mecanim/Idle.FBX
  artifactKey: Guid(7184c11791413af4da8292a009e57d47) Importer(815301076,1909f56bfc062723c751e8b465ee728b)
Start importing Assets/FreeAnimatedSpaceMan/animations_mecanim/Idle.FBX using Guid(7184c11791413af4da8292a009e57d47) Importer(815301076,1909f56bfc062723c751e8b465ee728b) (PreviewImporter) -> (artifact id: 'd5924ccfbf2e6eb85308d20cf9a0a912') in 0.1427439 seconds
Number of updated asset objects reloaded before import = 0Number of asset objects unloaded after import = 105

========================================================================
Received Import Request.
  Time since last request: 0.000041 seconds.
  path: Assets/FreeAnimatedSpaceMan/animations_mecanim/Run_back.FBX
  artifactKey: Guid(e6cd4bb206bb7c94b9e8b949ddfbfe90) Importer(815301076,1909f56bfc062723c751e8b465ee728b)
Start importing Assets/FreeAnimatedSpaceMan/animations_mecanim/Run_back.FBX using Guid(e6cd4bb206bb7c94b9e8b949ddfbfe90) Importer(815301076,1909f56bfc062723c751e8b465ee728b) (PreviewImporter) -> (artifact id: '54b0840529316020108305a339fab6c3') in 0.1287142 seconds
Number of updated asset objects reloaded before import = 0Number of asset objects unloaded after import = 105

Editor requested this worker to shutdown with reason: Scaling down because of idle timeout
AssetImportWorker is now disconnected from the server
Process exiting
Exiting without the bug reporter. Application will terminate with return code 0