[Licensing::Module] Trying to connect to existing licensing client channel...
Built from '6000.0/respin/6000.0.63f1-b423dd65e13f' branch; Version is '6000.0.63f1 (9438f9b77a46) revision 9713913'; Using compiler version '193933523'; Build Type 'Release'
[Licensing::IpcConnector] Successfully connected to: "LicenseClient-DELL" at "2025-12-14T14:43:43.290426Z"
OS: 'Windows 11  (10.0.26200) 64bit Professional' Language: 'en' Physical Memory: 7528 MB
BatchMode: 1, IsHumanControllingUs: 0, StartBugReporterOnCrash: 0, Is64bit: 1
Date: 2025-12-14T14:43:43Z

COMMAND LINE ARGUMENTS:
C:\Program Files\Unity\Hub\Editor\6000.0.63f1\Editor\Unity.exe
-adb2
-batchMode
-noUpm
-name
AssetImportWorker4
-projectPath
D:/Unity/Tactics Game
-logFile
Logs/AssetImportWorker4.log
-srvPort
54529
-licensingIpc
LicenseClient-DELL
-job-worker-count
5
-background-job-worker-count
8
-gc-helper-count
1
-name
AssetImport
Successfully changed project path to: D:/Unity/Tactics Game
D:/Unity/Tactics Game
[UnityMemory] Configuration Parameters - Can be set up in boot.config
    "memorysetup-bucket-allocator-granularity=16"
    "memorysetup-bucket-allocator-bucket-count=8"
    "memorysetup-bucket-allocator-block-size=33554432"
    "memorysetup-bucket-allocator-block-count=8"
    "memorysetup-main-allocator-block-size=16777216"
    "memorysetup-thread-allocator-block-size=16777216"
    "memorysetup-gfx-main-allocator-block-size=16777216"
    "memorysetup-gfx-thread-allocator-block-size=16777216"
    "memorysetup-cache-allocator-block-size=4194304"
    "memorysetup-typetree-allocator-block-size=2097152"
    "memorysetup-profiler-bucket-allocator-granularity=16"
    "memorysetup-profiler-bucket-allocator-bucket-count=8"
    "memorysetup-profiler-bucket-allocator-block-size=33554432"
    "memorysetup-profiler-bucket-allocator-block-count=8"
    "memorysetup-profiler-allocator-block-size=16777216"
    "memorysetup-profiler-editor-allocator-block-size=1048576"
    "memorysetup-temp-allocator-size-main=16777216"
    "memorysetup-job-temp-allocator-block-size=2097152"
    "memorysetup-job-temp-allocator-block-size-background=1048576"
    "memorysetup-job-temp-allocator-reduction-small-platforms=262144"
    "memorysetup-allocator-temp-initial-block-size-main=262144"
    "memorysetup-allocator-temp-initial-block-size-worker=262144"
    "memorysetup-temp-allocator-size-background-worker=32768"
    "memorysetup-temp-allocator-size-job-worker=262144"
    "memorysetup-temp-allocator-size-preload-manager=33554432"
    "memorysetup-temp-allocator-size-nav-mesh-worker=65536"
    "memorysetup-temp-allocator-size-audio-worker=65536"
    "memorysetup-temp-allocator-size-cloud-worker=32768"
    "memorysetup-temp-allocator-size-gi-baking-worker=262144"
    "memorysetup-temp-allocator-size-gi-baking-worker=262144"
    "memorysetup-temp-allocator-size-gi-baking-worker=262144"
    "memorysetup-temp-allocator-size-gi-baking-worker=262144"
    "memorysetup-temp-allocator-size-gi-baking-worker=262144"
    "memorysetup-temp-allocator-size-gfx=262144"
Player connection [20576]  Target information:

Player connection [20576]  * "[IP] 192.168.1.37 [Port] 0 [Flags] 2 [Guid] 3508879929 [EditorId] 3508879929 [Version] 1048832 [Id] WindowsEditor(7,DESKTOP-ON1SL8S) [Debug] 1 [PackageName] WindowsEditor [ProjectName] Editor" 

Player connection [20576] Host joined multi-casting on [225.0.0.222:54997]...
Player connection [20576] Host joined alternative multi-casting on [225.0.0.222:34997]...
JobSystem: Creating JobQueue using job-worker-count value 5
Input System module state changed to: Initialized.
[Physics::Module] Initialized fallback backend.
[Physics::Module] Id: 0xdecafbad
Library Redirect Path: Library/
[Physics::Module] Selected backend.
[Physics::Module] Name: PhysX
[Physics::Module] Id: 0xf2b8ea05
[Physics::Module] SDK Version: 4.1.2
[Physics::Module] Integration Version: 1.0.0
[Physics::Module] Threading Mode: Multi-Threaded
Refreshing native plugins compatible for Editor in 2.76 ms, found 3 plugins.
Preloading 0 native plugins for Editor in 0.00 ms.
Initialize engine version: 6000.0.63f1 (9438f9b77a46)
[Subsystems] Discovering subsystems at path C:/Program Files/Unity/Hub/Editor/6000.0.63f1/Editor/Data/Resources/UnitySubsystems
[Subsystems] Discovering subsystems at path D:/Unity/Tactics Game/Assets
GfxDevice: creating device client; kGfxThreadingModeNonThreaded
Direct3D:
    Version:  Direct3D 11.0 [level 11.1]
    Renderer: NVIDIA GeForce RTX 3050 Laptop GPU (ID=0x25a2)
    Vendor:   NVIDIA
    VRAM:     3964 MB
    Driver:   32.0.15.8132
Initialize mono
Mono path[0] = 'C:/Program Files/Unity/Hub/Editor/6000.0.63f1/Editor/Data/Managed'
Mono path[1] = 'C:/Program Files/Unity/Hub/Editor/6000.0.63f1/Editor/Data/MonoBleedingEdge/lib/mono/unityjit-win32'
Mono config path = 'C:/Program Files/Unity/Hub/Editor/6000.0.63f1/Editor/Data/MonoBleedingEdge/etc'
Using monoOptions --debugger-agent=transport=dt_socket,embedding=1,server=y,suspend=n,address=127.0.0.1:56368
Begin MonoManager ReloadAssembly
Registering precompiled unity dll's ...
Register platform support module: C:/Program Files/Unity/Hub/Editor/6000.0.63f1/Editor/Data/PlaybackEngines/WebGLSupport/UnityEditor.WebGL.Extensions.dll
Register platform support module: C:/Program Files/Unity/Hub/Editor/6000.0.63f1/Editor/Data/PlaybackEngines/WindowsStandaloneSupport/UnityEditor.WindowsStandalone.Extensions.dll
[Licensing::Module] Licensing is not yet initialized.
[Licensing::Client] Handshaking with LicensingClient:
  Version:                 1.17.4+4293ba1
  Session Id:              8e4bbae50ce44602acf599418738f27d
  Correlation Id:          c3e3a286ad811e0072c69f5131203c51
  External correlation Id: 8721610942752595817
  Machine Id:              zeBVQL34RM58NrT64m0hoR1BTVk=
[Licensing::Module] Successfully connected to LicensingClient on channel: "LicenseClient-DELL" (connect: 0.00s, validation: 0.02s, handshake: 3.27s)
[Licensing::IpcConnector] Successfully connected to: "LicenseClient-DELL-notifications" at "2025-12-14T14:43:46.5845417Z"
[Licensing::Module] Licensing Background thread has ended after 3.30s
[Licensing::Module] Licensing is initialized (took 1.64s).
[Licensing::Client] Successfully resolved entitlement details
[Licensing::Module] License group:
  Id: 13469131366229-UnityPersXXXX
  Product: Unity Personal
  Type: Assigned
  Expiration: Unlimited
Register platform support module: C:/Program Files/Unity/Hub/Editor/6000.0.63f1/Editor/Data/PlaybackEngines/MetroSupport/UnityEditor.UWP.Extensions.dll
Registered in 1.654807 seconds.
- Loaded All Assemblies, in  2.361 seconds
Native extension for UWP target not found
Native extension for WindowsStandalone target not found
Native extension for WebGL target not found
Mono: successfully reloaded assembly
- Finished resetting the current domain, in  0.369 seconds
Domain Reload Profiling: 2728ms
	BeginReloadAssembly (354ms)
		ExecutionOrderSort (0ms)
		DisableScriptedObjects (0ms)
		BackupInstance (0ms)
		ReleaseScriptingObjects (0ms)
		CreateAndSetChildDomain (2ms)
	RebuildCommonClasses (72ms)
	RebuildNativeTypeToScriptingClass (22ms)
	initialDomainReloadingComplete (1724ms)
	LoadAllAssembliesAndSetupDomain (186ms)
		LoadAssemblies (346ms)
		RebuildTransferFunctionScriptingTraits (0ms)
		AnalyzeDomain (180ms)
			TypeCache.Refresh (179ms)
				TypeCache.ScanAssembly (158ms)
			BuildScriptInfoCaches (0ms)
			ResolveRequiredComponents (0ms)
	FinalizeReload (370ms)
		ReleaseScriptCaches (0ms)
		RebuildScriptCaches (0ms)
		SetupLoadedEditorAssemblies (324ms)
			LogAssemblyErrors (0ms)
			InitializePlatformSupportModulesInManaged (21ms)
			SetLoadedEditorAssemblies (5ms)
			BeforeProcessingInitializeOnLoad (64ms)
			ProcessInitializeOnLoadAttributes (171ms)
			ProcessInitializeOnLoadMethodAttributes (64ms)
			AfterProcessingInitializeOnLoad (0ms)
			EditorAssembliesLoaded (0ms)
		ExecutionOrderSort2 (0ms)
		AwakeInstancesAfterBackupRestoration (0ms)
========================================================================
Worker process is ready to serve import requests
Import Worker Mode flag is 0x00
Begin MonoManager ReloadAssembly
[Licensing::Client] Successfully resolved entitlement details
- Loaded All Assemblies, in  0.918 seconds
Refreshing native plugins compatible for Editor in 0.81 ms, found 3 plugins.
Native extension for UWP target not found
Native extension for WindowsStandalone target not found
Native extension for WebGL target not found
Package Manager log level set to [2]
[Package Manager] Failed to launch server process. Reason: Unity was launched with the -noUpm command-line argument
[Package Manager] Unable to send message (not connected to server process).
[Package Manager] Cannot connect to Unity Package Manager local server
Mono: successfully reloaded assembly
- Finished resetting the current domain, in  0.897 seconds
Domain Reload Profiling: 1813ms
	BeginReloadAssembly (186ms)
		ExecutionOrderSort (0ms)
		DisableScriptedObjects (7ms)
		BackupInstance (0ms)
		ReleaseScriptingObjects (0ms)
		CreateAndSetChildDomain (32ms)
	RebuildCommonClasses (33ms)
	RebuildNativeTypeToScriptingClass (11ms)
	initialDomainReloadingComplete (38ms)
	LoadAllAssembliesAndSetupDomain (647ms)
		LoadAssemblies (527ms)
		RebuildTransferFunctionScriptingTraits (0ms)
		AnalyzeDomain (220ms)
			TypeCache.Refresh (165ms)
				TypeCache.ScanAssembly (152ms)
			BuildScriptInfoCaches (42ms)
			ResolveRequiredComponents (9ms)
	FinalizeReload (898ms)
		ReleaseScriptCaches (0ms)
		RebuildScriptCaches (0ms)
		SetupLoadedEditorAssemblies (683ms)
			LogAssemblyErrors (0ms)
			InitializePlatformSupportModulesInManaged (3ms)
			SetLoadedEditorAssemblies (4ms)
			BeforeProcessingInitializeOnLoad (142ms)
			ProcessInitializeOnLoadAttributes (471ms)
			ProcessInitializeOnLoadMethodAttributes (57ms)
			AfterProcessingInitializeOnLoad (6ms)
			EditorAssembliesLoaded (0ms)
		ExecutionOrderSort2 (0ms)
		AwakeInstancesAfterBackupRestoration (7ms)
Launched and connected shader compiler UnityShaderCompiler.exe after 0.03 seconds
Refreshing native plugins compatible for Editor in 1.47 ms, found 3 plugins.
Preloading 0 native plugins for Editor in 0.00 ms.
Unloading 13 Unused Serialized files (Serialized files now loaded: 0)
Unloading 6105 unused Assets / (4.7 MB). Loaded Objects now: 6794.
Memory consumption went from 127.5 MB to 122.7 MB.
Total: 25.695200 ms (FindLiveObjects: 1.852500 ms CreateObjectMapping: 2.341200 ms MarkObjects: 14.685600 ms  DeleteObjects: 6.812200 ms)

========================================================================
Received Import Request.
  Time since last request: 8288.774637 seconds.
  path: Assets/FreeAnimatedSpaceMan/animations_mecanim/space_man_controller.controller
  artifactKey: Guid(3fddf5519a321ec4bb1315b9ec0a1a9e) Importer(815301076,1909f56bfc062723c751e8b465ee728b)
Start importing Assets/FreeAnimatedSpaceMan/animations_mecanim/space_man_controller.controller using Guid(3fddf5519a321ec4bb1315b9ec0a1a9e) Importer(815301076,1909f56bfc062723c751e8b465ee728b) (PreviewImporter) -> (artifact id: '809d0cc953d72ad297ce2229b735123f') in 0.0334473 seconds
Number of updated asset objects reloaded before import = 0Number of asset objects unloaded after import = 17

========================================================================
Received Prepare
Refreshing native plugins compatible for Editor in 1.45 ms, found 3 plugins.
Preloading 0 native plugins for Editor in 0.00 ms.
Unloading 13 Unused Serialized files (Serialized files now loaded: 0)
Unloading 6095 unused Assets / (4.4 MB). Loaded Objects now: 6797.
Memory consumption went from 126.3 MB to 121.9 MB.
Total: 14.734300 ms (FindLiveObjects: 1.136300 ms CreateObjectMapping: 1.245300 ms MarkObjects: 8.188300 ms  DeleteObjects: 4.162500 ms)

Prepare: number of updated asset objects reloaded= 0
========================================================================
Received Prepare
Refreshing native plugins compatible for Editor in 1.40 ms, found 3 plugins.
Preloading 0 native plugins for Editor in 0.00 ms.
Unloading 13 Unused Serialized files (Serialized files now loaded: 0)
Unloading 6095 unused Assets / (4.2 MB). Loaded Objects now: 6797.
Memory consumption went from 126.3 MB to 122.1 MB.
Total: 24.263100 ms (FindLiveObjects: 1.425200 ms CreateObjectMapping: 1.425300 ms MarkObjects: 13.732100 ms  DeleteObjects: 7.678000 ms)

Prepare: number of updated asset objects reloaded= 0
========================================================================
Received Prepare
Refreshing native plugins compatible for Editor in 1.54 ms, found 3 plugins.
Preloading 0 native plugins for Editor in 0.00 ms.
Unloading 13 Unused Serialized files (Serialized files now loaded: 0)
Unloading 6095 unused Assets / (4.4 MB). Loaded Objects now: 6797.
Memory consumption went from 126.3 MB to 121.9 MB.
Total: 17.250800 ms (FindLiveObjects: 1.872900 ms CreateObjectMapping: 1.164100 ms MarkObjects: 9.173300 ms  DeleteObjects: 5.038700 ms)

Prepare: number of updated asset objects reloaded= 0
========================================================================
Received Prepare
Begin MonoManager ReloadAssembly
[Licensing::Client] Successfully resolved entitlement details
- Loaded All Assemblies, in  1.126 seconds
Refreshing native plugins compatible for Editor in 1.25 ms, found 3 plugins.
Native extension for UWP target not found
Native extension for WindowsStandalone target not found
Native extension for WebGL target not found
[Package Manager] Failed to launch server process. Reason: Unity was launched with the -noUpm command-line argument
[Package Manager] Unable to send message (not connected to server process).
[Package Manager] Cannot connect to Unity Package Manager local server
Mono: successfully reloaded assembly
- Finished resetting the current domain, in  1.046 seconds
Domain Reload Profiling: 2173ms
	BeginReloadAssembly (340ms)
		ExecutionOrderSort (0ms)
		DisableScriptedObjects (11ms)
		BackupInstance (0ms)
		ReleaseScriptingObjects (0ms)
		CreateAndSetChildDomain (93ms)
	RebuildCommonClasses (59ms)
	RebuildNativeTypeToScriptingClass (15ms)
	initialDomainReloadingComplete (45ms)
	LoadAllAssembliesAndSetupDomain (666ms)
		LoadAssemblies (526ms)
		RebuildTransferFunctionScriptingTraits (0ms)
		AnalyzeDomain (282ms)
			TypeCache.Refresh (14ms)
				TypeCache.ScanAssembly (1ms)
			BuildScriptInfoCaches (248ms)
			ResolveRequiredComponents (15ms)
	FinalizeReload (1047ms)
		ReleaseScriptCaches (0ms)
		RebuildScriptCaches (0ms)
		SetupLoadedEditorAssemblies (745ms)
			LogAssemblyErrors (0ms)
			InitializePlatformSupportModulesInManaged (6ms)
			SetLoadedEditorAssemblies (10ms)
			BeforeProcessingInitializeOnLoad (172ms)
			ProcessInitializeOnLoadAttributes (486ms)
			ProcessInitializeOnLoadMethodAttributes (62ms)
			AfterProcessingInitializeOnLoad (8ms)
			EditorAssembliesLoaded (0ms)
		ExecutionOrderSort2 (0ms)
		AwakeInstancesAfterBackupRestoration (20ms)
Refreshing native plugins compatible for Editor in 1.26 ms, found 3 plugins.
Preloading 0 native plugins for Editor in 0.00 ms.
Unloading 13 Unused Serialized files (Serialized files now loaded: 0)
Unloading 6101 unused Assets / (4.2 MB). Loaded Objects now: 6813.
Memory consumption went from 138.8 MB to 134.6 MB.
Total: 12.278500 ms (FindLiveObjects: 0.941000 ms CreateObjectMapping: 0.492900 ms MarkObjects: 6.997900 ms  DeleteObjects: 3.845400 ms)

Prepare: number of updated asset objects reloaded= 0
========================================================================
Received Prepare
Begin MonoManager ReloadAssembly
- Loaded All Assemblies, in  0.863 seconds
Refreshing native plugins compatible for Editor in 0.99 ms, found 3 plugins.
Native extension for UWP target not found
Native extension for WindowsStandalone target not found
Native extension for WebGL target not found
[Package Manager] Failed to launch server process. Reason: Unity was launched with the -noUpm command-line argument
[Package Manager] Unable to send message (not connected to server process).
[Package Manager] Cannot connect to Unity Package Manager local server
Mono: successfully reloaded assembly
- Finished resetting the current domain, in  0.823 seconds
Domain Reload Profiling: 1687ms
	BeginReloadAssembly (257ms)
		ExecutionOrderSort (0ms)
		DisableScriptedObjects (7ms)
		BackupInstance (0ms)
		ReleaseScriptingObjects (0ms)
		CreateAndSetChildDomain (55ms)
	RebuildCommonClasses (45ms)
	RebuildNativeTypeToScriptingClass (13ms)
	initialDomainReloadingComplete (35ms)
	LoadAllAssembliesAndSetupDomain (514ms)
		LoadAssemblies (449ms)
		RebuildTransferFunctionScriptingTraits (0ms)
		AnalyzeDomain (201ms)
			TypeCache.Refresh (11ms)
				TypeCache.ScanAssembly (0ms)
			BuildScriptInfoCaches (174ms)
			ResolveRequiredComponents (11ms)
	FinalizeReload (823ms)
		ReleaseScriptCaches (0ms)
		RebuildScriptCaches (0ms)
		SetupLoadedEditorAssemblies (646ms)
			LogAssemblyErrors (0ms)
			InitializePlatformSupportModulesInManaged (4ms)
			SetLoadedEditorAssemblies (6ms)
			BeforeProcessingInitializeOnLoad (153ms)
			ProcessInitializeOnLoadAttributes (406ms)
			ProcessInitializeOnLoadMethodAttributes (69ms)
			AfterProcessingInitializeOnLoad (7ms)
			EditorAssembliesLoaded (0ms)
		ExecutionOrderSort2 (0ms)
		AwakeInstancesAfterBackupRestoration (18ms)
Refreshing native plugins compatible for Editor in 1.27 ms, found 3 plugins.
Preloading 0 native plugins for Editor in 0.00 ms.
Unloading 13 Unused Serialized files (Serialized files now loaded: 0)
Unloading 6101 unused Assets / (4.6 MB). Loaded Objects now: 6816.
Memory consumption went from 138.8 MB to 134.2 MB.
Total: 20.047400 ms (FindLiveObjects: 1.087100 ms CreateObjectMapping: 1.952000 ms MarkObjects: 10.253200 ms  DeleteObjects: 6.753200 ms)

Prepare: number of updated asset objects reloaded= 0
========================================================================
Received Prepare
Begin MonoManager ReloadAssembly
[Licensing::Client] Successfully resolved entitlement details
- Loaded All Assemblies, in  0.878 seconds
Refreshing native plugins compatible for Editor in 0.75 ms, found 3 plugins.
Native extension for UWP target not found
Native extension for WindowsStandalone target not found
Native extension for WebGL target not found
[Package Manager] Failed to launch server process. Reason: Unity was launched with the -noUpm command-line argument
[Package Manager] Unable to send message (not connected to server process).
[Package Manager] Cannot connect to Unity Package Manager local server
Mono: successfully reloaded assembly
- Finished resetting the current domain, in  0.876 seconds
Domain Reload Profiling: 1756ms
	BeginReloadAssembly (263ms)
		ExecutionOrderSort (0ms)
		DisableScriptedObjects (7ms)
		BackupInstance (0ms)
		ReleaseScriptingObjects (0ms)
		CreateAndSetChildDomain (61ms)
	RebuildCommonClasses (40ms)
	RebuildNativeTypeToScriptingClass (13ms)
	initialDomainReloadingComplete (33ms)
	LoadAllAssembliesAndSetupDomain (532ms)
		LoadAssemblies (449ms)
		RebuildTransferFunctionScriptingTraits (0ms)
		AnalyzeDomain (212ms)
			TypeCache.Refresh (11ms)
				TypeCache.ScanAssembly (0ms)
			BuildScriptInfoCaches (186ms)
			ResolveRequiredComponents (11ms)
	FinalizeReload (877ms)
		ReleaseScriptCaches (0ms)
		RebuildScriptCaches (0ms)
		SetupLoadedEditorAssemblies (689ms)
			LogAssemblyErrors (0ms)
			InitializePlatformSupportModulesInManaged (3ms)
			SetLoadedEditorAssemblies (6ms)
			BeforeProcessingInitializeOnLoad (149ms)
			ProcessInitializeOnLoadAttributes (424ms)
			ProcessInitializeOnLoadMethodAttributes (91ms)
			AfterProcessingInitializeOnLoad (16ms)
			EditorAssembliesLoaded (1ms)
		ExecutionOrderSort2 (0ms)
		AwakeInstancesAfterBackupRestoration (27ms)
Refreshing native plugins compatible for Editor in 1.14 ms, found 3 plugins.
Preloading 0 native plugins for Editor in 0.00 ms.
Unloading 13 Unused Serialized files (Serialized files now loaded: 0)
Unloading 6101 unused Assets / (4.7 MB). Loaded Objects now: 6819.
Memory consumption went from 138.8 MB to 134.2 MB.
Total: 23.533500 ms (FindLiveObjects: 1.203400 ms CreateObjectMapping: 1.352400 ms MarkObjects: 12.115600 ms  DeleteObjects: 8.859800 ms)

Prepare: number of updated asset objects reloaded= 0
========================================================================
Received Prepare
Begin MonoManager ReloadAssembly
[Licensing::Client] Successfully resolved entitlement details
- Loaded All Assemblies, in  0.819 seconds
Refreshing native plugins compatible for Editor in 0.77 ms, found 3 plugins.
Native extension for UWP target not found
Native extension for WindowsStandalone target not found
Native extension for WebGL target not found
[Package Manager] Failed to launch server process. Reason: Unity was launched with the -noUpm command-line argument
[Package Manager] Unable to send message (not connected to server process).
[Package Manager] Cannot connect to Unity Package Manager local server
Mono: successfully reloaded assembly
- Finished resetting the current domain, in  0.823 seconds
Domain Reload Profiling: 1644ms
	BeginReloadAssembly (250ms)
		ExecutionOrderSort (0ms)
		DisableScriptedObjects (8ms)
		BackupInstance (0ms)
		ReleaseScriptingObjects (0ms)
		CreateAndSetChildDomain (55ms)
	RebuildCommonClasses (39ms)
	RebuildNativeTypeToScriptingClass (13ms)
	initialDomainReloadingComplete (34ms)
	LoadAllAssembliesAndSetupDomain (484ms)
		LoadAssemblies (417ms)
		RebuildTransferFunctionScriptingTraits (0ms)
		AnalyzeDomain (189ms)
			TypeCache.Refresh (10ms)
				TypeCache.ScanAssembly (0ms)
			BuildScriptInfoCaches (164ms)
			ResolveRequiredComponents (11ms)
	FinalizeReload (823ms)
		ReleaseScriptCaches (0ms)
		RebuildScriptCaches (0ms)
		SetupLoadedEditorAssemblies (654ms)
			LogAssemblyErrors (0ms)
			InitializePlatformSupportModulesInManaged (4ms)
			SetLoadedEditorAssemblies (6ms)
			BeforeProcessingInitializeOnLoad (157ms)
			ProcessInitializeOnLoadAttributes (410ms)
			ProcessInitializeOnLoadMethodAttributes (68ms)
			AfterProcessingInitializeOnLoad (10ms)
			EditorAssembliesLoaded (0ms)
		ExecutionOrderSort2 (0ms)
		AwakeInstancesAfterBackupRestoration (18ms)
Refreshing native plugins compatible for Editor in 2.14 ms, found 3 plugins.
Preloading 0 native plugins for Editor in 0.00 ms.
Unloading 13 Unused Serialized files (Serialized files now loaded: 0)
Unloading 6101 unused Assets / (4.7 MB). Loaded Objects now: 6822.
Memory consumption went from 138.9 MB to 134.2 MB.
Total: 20.709700 ms (FindLiveObjects: 1.131400 ms CreateObjectMapping: 1.218200 ms MarkObjects: 10.840000 ms  DeleteObjects: 7.517400 ms)

Prepare: number of updated asset objects reloaded= 0
========================================================================
Received Prepare
Begin MonoManager ReloadAssembly
[Licensing::Client] Successfully resolved entitlement details
- Loaded All Assemblies, in  0.832 seconds
Refreshing native plugins compatible for Editor in 1.16 ms, found 3 plugins.
Native extension for UWP target not found
Native extension for WindowsStandalone target not found
Native extension for WebGL target not found
[Package Manager] Failed to launch server process. Reason: Unity was launched with the -noUpm command-line argument
[Package Manager] Unable to send message (not connected to server process).
[Package Manager] Cannot connect to Unity Package Manager local server
Mono: successfully reloaded assembly
- Finished resetting the current domain, in  0.803 seconds
Domain Reload Profiling: 1637ms
	BeginReloadAssembly (267ms)
		ExecutionOrderSort (0ms)
		DisableScriptedObjects (10ms)
		BackupInstance (0ms)
		ReleaseScriptingObjects (0ms)
		CreateAndSetChildDomain (63ms)
	RebuildCommonClasses (40ms)
	RebuildNativeTypeToScriptingClass (12ms)
	initialDomainReloadingComplete (34ms)
	LoadAllAssembliesAndSetupDomain (480ms)
		LoadAssemblies (415ms)
		RebuildTransferFunctionScriptingTraits (0ms)
		AnalyzeDomain (189ms)
			TypeCache.Refresh (9ms)
				TypeCache.ScanAssembly (0ms)
			BuildScriptInfoCaches (164ms)
			ResolveRequiredComponents (11ms)
	FinalizeReload (803ms)
		ReleaseScriptCaches (0ms)
		RebuildScriptCaches (0ms)
		SetupLoadedEditorAssemblies (633ms)
			LogAssemblyErrors (0ms)
			InitializePlatformSupportModulesInManaged (4ms)
			SetLoadedEditorAssemblies (5ms)
			BeforeProcessingInitializeOnLoad (147ms)
			ProcessInitializeOnLoadAttributes (400ms)
			ProcessInitializeOnLoadMethodAttributes (68ms)
			AfterProcessingInitializeOnLoad (8ms)
			EditorAssembliesLoaded (0ms)
		ExecutionOrderSort2 (0ms)
		AwakeInstancesAfterBackupRestoration (19ms)
Refreshing native plugins compatible for Editor in 1.09 ms, found 3 plugins.
Preloading 0 native plugins for Editor in 0.00 ms.
Unloading 13 Unused Serialized files (Serialized files now loaded: 0)
Unloading 6101 unused Assets / (4.3 MB). Loaded Objects now: 6825.
Memory consumption went from 138.9 MB to 134.7 MB.
Total: 17.001500 ms (FindLiveObjects: 1.014700 ms CreateObjectMapping: 1.384800 ms MarkObjects: 9.107900 ms  DeleteObjects: 5.492000 ms)

Prepare: number of updated asset objects reloaded= 0
========================================================================
Received Prepare
Begin MonoManager ReloadAssembly
- Loaded All Assemblies, in  0.813 seconds
Refreshing native plugins compatible for Editor in 0.67 ms, found 3 plugins.
Native extension for UWP target not found
Native extension for WindowsStandalone target not found
Native extension for WebGL target not found
[Package Manager] Failed to launch server process. Reason: Unity was launched with the -noUpm command-line argument
[Package Manager] Unable to send message (not connected to server process).
[Package Manager] Cannot connect to Unity Package Manager local server
Mono: successfully reloaded assembly
- Finished resetting the current domain, in  0.810 seconds
Domain Reload Profiling: 1626ms
	BeginReloadAssembly (235ms)
		ExecutionOrderSort (0ms)
		DisableScriptedObjects (6ms)
		BackupInstance (0ms)
		ReleaseScriptingObjects (0ms)
		CreateAndSetChildDomain (51ms)
	RebuildCommonClasses (38ms)
	RebuildNativeTypeToScriptingClass (12ms)
	initialDomainReloadingComplete (34ms)
	LoadAllAssembliesAndSetupDomain (497ms)
		LoadAssemblies (424ms)
		RebuildTransferFunctionScriptingTraits (0ms)
		AnalyzeDomain (188ms)
			TypeCache.Refresh (8ms)
				TypeCache.ScanAssembly (0ms)
			BuildScriptInfoCaches (163ms)
			ResolveRequiredComponents (12ms)
	FinalizeReload (810ms)
		ReleaseScriptCaches (0ms)
		RebuildScriptCaches (0ms)
		SetupLoadedEditorAssemblies (631ms)
			LogAssemblyErrors (0ms)
			InitializePlatformSupportModulesInManaged (4ms)
			SetLoadedEditorAssemblies (6ms)
			BeforeProcessingInitializeOnLoad (140ms)
			ProcessInitializeOnLoadAttributes (410ms)
			ProcessInitializeOnLoadMethodAttributes (64ms)
			AfterProcessingInitializeOnLoad (8ms)
			EditorAssembliesLoaded (0ms)
		ExecutionOrderSort2 (0ms)
		AwakeInstancesAfterBackupRestoration (19ms)
Refreshing native plugins compatible for Editor in 1.10 ms, found 3 plugins.
Preloading 0 native plugins for Editor in 0.00 ms.
Unloading 13 Unused Serialized files (Serialized files now loaded: 0)
Unloading 6101 unused Assets / (4.6 MB). Loaded Objects now: 6828.
Memory consumption went from 139.0 MB to 134.4 MB.
Total: 21.818300 ms (FindLiveObjects: 2.343400 ms CreateObjectMapping: 1.923400 ms MarkObjects: 10.188600 ms  DeleteObjects: 7.360100 ms)

Prepare: number of updated asset objects reloaded= 0
========================================================================
Received Prepare
Begin MonoManager ReloadAssembly
[Licensing::Client] Successfully resolved entitlement details
- Loaded All Assemblies, in  0.826 seconds
Refreshing native plugins compatible for Editor in 0.98 ms, found 3 plugins.
Native extension for UWP target not found
Native extension for WindowsStandalone target not found
Native extension for WebGL target not found
[Package Manager] Failed to launch server process. Reason: Unity was launched with the -noUpm command-line argument
[Package Manager] Unable to send message (not connected to server process).
[Package Manager] Cannot connect to Unity Package Manager local server
Mono: successfully reloaded assembly
- Finished resetting the current domain, in  0.807 seconds
Domain Reload Profiling: 1636ms
	BeginReloadAssembly (231ms)
		ExecutionOrderSort (0ms)
		DisableScriptedObjects (9ms)
		BackupInstance (0ms)
		ReleaseScriptingObjects (0ms)
		CreateAndSetChildDomain (52ms)
	RebuildCommonClasses (38ms)
	RebuildNativeTypeToScriptingClass (18ms)
	initialDomainReloadingComplete (34ms)
	LoadAllAssembliesAndSetupDomain (507ms)
		LoadAssemblies (420ms)
		RebuildTransferFunctionScriptingTraits (0ms)
		AnalyzeDomain (193ms)
			TypeCache.Refresh (11ms)
				TypeCache.ScanAssembly (0ms)
			BuildScriptInfoCaches (167ms)
			ResolveRequiredComponents (11ms)
	FinalizeReload (808ms)
		ReleaseScriptCaches (0ms)
		RebuildScriptCaches (0ms)
		SetupLoadedEditorAssemblies (640ms)
			LogAssemblyErrors (0ms)
			InitializePlatformSupportModulesInManaged (4ms)
			SetLoadedEditorAssemblies (5ms)
			BeforeProcessingInitializeOnLoad (151ms)
			ProcessInitializeOnLoadAttributes (400ms)
			ProcessInitializeOnLoadMethodAttributes (67ms)
			AfterProcessingInitializeOnLoad (12ms)
			EditorAssembliesLoaded (0ms)
		ExecutionOrderSort2 (0ms)
		AwakeInstancesAfterBackupRestoration (20ms)
Refreshing native plugins compatible for Editor in 1.06 ms, found 3 plugins.
Preloading 0 native plugins for Editor in 0.00 ms.
Unloading 13 Unused Serialized files (Serialized files now loaded: 0)
Unloading 6101 unused Assets / (4.5 MB). Loaded Objects now: 6831.
Memory consumption went from 139.0 MB to 134.6 MB.
Total: 21.063200 ms (FindLiveObjects: 1.728600 ms CreateObjectMapping: 1.386200 ms MarkObjects: 10.391000 ms  DeleteObjects: 7.554200 ms)

Prepare: number of updated asset objects reloaded= 0
========================================================================
Received Prepare
Begin MonoManager ReloadAssembly
- Loaded All Assemblies, in  0.811 seconds
Refreshing native plugins compatible for Editor in 1.16 ms, found 3 plugins.
Native extension for UWP target not found
Native extension for WindowsStandalone target not found
Native extension for WebGL target not found
[Package Manager] Failed to launch server process. Reason: Unity was launched with the -noUpm command-line argument
[Package Manager] Unable to send message (not connected to server process).
[Package Manager] Cannot connect to Unity Package Manager local server
Mono: successfully reloaded assembly
- Finished resetting the current domain, in  0.798 seconds
Domain Reload Profiling: 1610ms
	BeginReloadAssembly (251ms)
		ExecutionOrderSort (0ms)
		DisableScriptedObjects (6ms)
		BackupInstance (0ms)
		ReleaseScriptingObjects (0ms)
		CreateAndSetChildDomain (52ms)
	RebuildCommonClasses (40ms)
	RebuildNativeTypeToScriptingClass (12ms)
	initialDomainReloadingComplete (33ms)
	LoadAllAssembliesAndSetupDomain (475ms)
		LoadAssemblies (406ms)
		RebuildTransferFunctionScriptingTraits (0ms)
		AnalyzeDomain (203ms)
			TypeCache.Refresh (10ms)
				TypeCache.ScanAssembly (0ms)
			BuildScriptInfoCaches (177ms)
			ResolveRequiredComponents (11ms)
	FinalizeReload (799ms)
		ReleaseScriptCaches (0ms)
		RebuildScriptCaches (0ms)
		SetupLoadedEditorAssemblies (617ms)
			LogAssemblyErrors (0ms)
			InitializePlatformSupportModulesInManaged (4ms)
			SetLoadedEditorAssemblies (6ms)
			BeforeProcessingInitializeOnLoad (141ms)
			ProcessInitializeOnLoadAttributes (402ms)
			ProcessInitializeOnLoadMethodAttributes (58ms)
			AfterProcessingInitializeOnLoad (6ms)
			EditorAssembliesLoaded (0ms)
		ExecutionOrderSort2 (0ms)
		AwakeInstancesAfterBackupRestoration (18ms)
Refreshing native plugins compatible for Editor in 1.50 ms, found 3 plugins.
Preloading 0 native plugins for Editor in 0.00 ms.
Unloading 13 Unused Serialized files (Serialized files now loaded: 0)
Unloading 6101 unused Assets / (4.5 MB). Loaded Objects now: 6834.
Memory consumption went from 139.0 MB to 134.6 MB.
Total: 23.091300 ms (FindLiveObjects: 1.452500 ms CreateObjectMapping: 2.549200 ms MarkObjects: 11.884300 ms  DeleteObjects: 7.202700 ms)

Prepare: number of updated asset objects reloaded= 0
========================================================================
Received Prepare
Begin MonoManager ReloadAssembly
[Licensing::Client] Successfully resolved entitlement details
- Loaded All Assemblies, in  0.811 seconds
Refreshing native plugins compatible for Editor in 1.22 ms, found 3 plugins.
Native extension for UWP target not found
Native extension for WindowsStandalone target not found
Native extension for WebGL target not found
[Package Manager] Failed to launch server process. Reason: Unity was launched with the -noUpm command-line argument
[Package Manager] Unable to send message (not connected to server process).
[Package Manager] Cannot connect to Unity Package Manager local server
Mono: successfully reloaded assembly
- Finished resetting the current domain, in  0.835 seconds
Domain Reload Profiling: 1649ms
	BeginReloadAssembly (246ms)
		ExecutionOrderSort (0ms)
		DisableScriptedObjects (7ms)
		BackupInstance (0ms)
		ReleaseScriptingObjects (0ms)
		CreateAndSetChildDomain (59ms)
	RebuildCommonClasses (37ms)
	RebuildNativeTypeToScriptingClass (13ms)
	initialDomainReloadingComplete (33ms)
	LoadAllAssembliesAndSetupDomain (485ms)
		LoadAssemblies (407ms)
		RebuildTransferFunctionScriptingTraits (0ms)
		AnalyzeDomain (187ms)
			TypeCache.Refresh (11ms)
				TypeCache.ScanAssembly (0ms)
			BuildScriptInfoCaches (158ms)
			ResolveRequiredComponents (13ms)
	FinalizeReload (835ms)
		ReleaseScriptCaches (0ms)
		RebuildScriptCaches (0ms)
		SetupLoadedEditorAssemblies (652ms)
			LogAssemblyErrors (0ms)
			InitializePlatformSupportModulesInManaged (3ms)
			SetLoadedEditorAssemblies (5ms)
			BeforeProcessingInitializeOnLoad (157ms)
			ProcessInitializeOnLoadAttributes (421ms)
			ProcessInitializeOnLoadMethodAttributes (56ms)
			AfterProcessingInitializeOnLoad (9ms)
			EditorAssembliesLoaded (0ms)
		ExecutionOrderSort2 (0ms)
		AwakeInstancesAfterBackupRestoration (21ms)
Refreshing native plugins compatible for Editor in 1.11 ms, found 3 plugins.
Preloading 0 native plugins for Editor in 0.00 ms.
Unloading 13 Unused Serialized files (Serialized files now loaded: 0)
Unloading 6101 unused Assets / (4.3 MB). Loaded Objects now: 6837.
Memory consumption went from 139.1 MB to 134.8 MB.
Total: 11.691600 ms (FindLiveObjects: 1.077600 ms CreateObjectMapping: 0.790200 ms MarkObjects: 6.340800 ms  DeleteObjects: 3.481200 ms)

Prepare: number of updated asset objects reloaded= 0
========================================================================
Received Prepare
Begin MonoManager ReloadAssembly
- Loaded All Assemblies, in  0.817 seconds
Refreshing native plugins compatible for Editor in 0.80 ms, found 3 plugins.
Native extension for UWP target not found
Native extension for WindowsStandalone target not found
Native extension for WebGL target not found
[Package Manager] Failed to launch server process. Reason: Unity was launched with the -noUpm command-line argument
[Package Manager] Unable to send message (not connected to server process).
[Package Manager] Cannot connect to Unity Package Manager local server
Mono: successfully reloaded assembly
- Finished resetting the current domain, in  0.919 seconds
Domain Reload Profiling: 1738ms
	BeginReloadAssembly (233ms)
		ExecutionOrderSort (0ms)
		DisableScriptedObjects (6ms)
		BackupInstance (0ms)
		ReleaseScriptingObjects (0ms)
		CreateAndSetChildDomain (53ms)
	RebuildCommonClasses (38ms)
	RebuildNativeTypeToScriptingClass (14ms)
	initialDomainReloadingComplete (42ms)
	LoadAllAssembliesAndSetupDomain (493ms)
		LoadAssemblies (416ms)
		RebuildTransferFunctionScriptingTraits (0ms)
		AnalyzeDomain (190ms)
			TypeCache.Refresh (9ms)
				TypeCache.ScanAssembly (0ms)
			BuildScriptInfoCaches (165ms)
			ResolveRequiredComponents (12ms)
	FinalizeReload (919ms)
		ReleaseScriptCaches (0ms)
		RebuildScriptCaches (0ms)
		SetupLoadedEditorAssemblies (748ms)
			LogAssemblyErrors (0ms)
			InitializePlatformSupportModulesInManaged (4ms)
			SetLoadedEditorAssemblies (6ms)
			BeforeProcessingInitializeOnLoad (178ms)
			ProcessInitializeOnLoadAttributes (481ms)
			ProcessInitializeOnLoadMethodAttributes (72ms)
			AfterProcessingInitializeOnLoad (7ms)
			EditorAssembliesLoaded (0ms)
		ExecutionOrderSort2 (0ms)
		AwakeInstancesAfterBackupRestoration (18ms)
Refreshing native plugins compatible for Editor in 1.41 ms, found 3 plugins.
Preloading 0 native plugins for Editor in 0.00 ms.
Unloading 13 Unused Serialized files (Serialized files now loaded: 0)
Unloading 6101 unused Assets / (4.5 MB). Loaded Objects now: 6840.
Memory consumption went from 139.1 MB to 134.6 MB.
Total: 22.144400 ms (FindLiveObjects: 1.534300 ms CreateObjectMapping: 2.102700 ms MarkObjects: 11.795100 ms  DeleteObjects: 6.709500 ms)

Prepare: number of updated asset objects reloaded= 0
========================================================================
Received Prepare
Begin MonoManager ReloadAssembly
[Licensing::Client] Successfully resolved entitlement details
- Loaded All Assemblies, in  0.797 seconds
Refreshing native plugins compatible for Editor in 0.73 ms, found 3 plugins.
Native extension for UWP target not found
Native extension for WindowsStandalone target not found
Native extension for WebGL target not found
[Package Manager] Failed to launch server process. Reason: Unity was launched with the -noUpm command-line argument
[Package Manager] Unable to send message (not connected to server process).
[Package Manager] Cannot connect to Unity Package Manager local server
Mono: successfully reloaded assembly
- Finished resetting the current domain, in  0.819 seconds
Domain Reload Profiling: 1618ms
	BeginReloadAssembly (233ms)
		ExecutionOrderSort (0ms)
		DisableScriptedObjects (7ms)
		BackupInstance (0ms)
		ReleaseScriptingObjects (0ms)
		CreateAndSetChildDomain (49ms)
	RebuildCommonClasses (39ms)
	RebuildNativeTypeToScriptingClass (12ms)
	initialDomainReloadingComplete (34ms)
	LoadAllAssembliesAndSetupDomain (481ms)
		LoadAssemblies (409ms)
		RebuildTransferFunctionScriptingTraits (0ms)
		AnalyzeDomain (183ms)
			TypeCache.Refresh (10ms)
				TypeCache.ScanAssembly (0ms)
			BuildScriptInfoCaches (157ms)
			ResolveRequiredComponents (11ms)
	FinalizeReload (820ms)
		ReleaseScriptCaches (0ms)
		RebuildScriptCaches (0ms)
		SetupLoadedEditorAssemblies (647ms)
			LogAssemblyErrors (0ms)
			InitializePlatformSupportModulesInManaged (4ms)
			SetLoadedEditorAssemblies (5ms)
			BeforeProcessingInitializeOnLoad (145ms)
			ProcessInitializeOnLoadAttributes (417ms)
			ProcessInitializeOnLoadMethodAttributes (64ms)
			AfterProcessingInitializeOnLoad (11ms)
			EditorAssembliesLoaded (0ms)
		ExecutionOrderSort2 (0ms)
		AwakeInstancesAfterBackupRestoration (23ms)
Refreshing native plugins compatible for Editor in 1.11 ms, found 3 plugins.
Preloading 0 native plugins for Editor in 0.00 ms.
Unloading 13 Unused Serialized files (Serialized files now loaded: 0)
Unloading 6101 unused Assets / (4.3 MB). Loaded Objects now: 6843.
Memory consumption went from 139.2 MB to 134.9 MB.
Total: 18.357000 ms (FindLiveObjects: 1.891300 ms CreateObjectMapping: 1.731000 ms MarkObjects: 9.396900 ms  DeleteObjects: 5.335800 ms)

Prepare: number of updated asset objects reloaded= 0
========================================================================
Received Prepare
Begin MonoManager ReloadAssembly
- Loaded All Assemblies, in  0.834 seconds
Refreshing native plugins compatible for Editor in 0.79 ms, found 3 plugins.
Native extension for UWP target not found
Native extension for WindowsStandalone target not found
Native extension for WebGL target not found
[Package Manager] Failed to launch server process. Reason: Unity was launched with the -noUpm command-line argument
[Package Manager] Unable to send message (not connected to server process).
[Package Manager] Cannot connect to Unity Package Manager local server
Mono: successfully reloaded assembly
- Finished resetting the current domain, in  0.812 seconds
Domain Reload Profiling: 1648ms
	BeginReloadAssembly (233ms)
		ExecutionOrderSort (0ms)
		DisableScriptedObjects (6ms)
		BackupInstance (0ms)
		ReleaseScriptingObjects (0ms)
		CreateAndSetChildDomain (52ms)
	RebuildCommonClasses (39ms)
	RebuildNativeTypeToScriptingClass (14ms)
	initialDomainReloadingComplete (42ms)
	LoadAllAssembliesAndSetupDomain (508ms)
		LoadAssemblies (435ms)
		RebuildTransferFunctionScriptingTraits (0ms)
		AnalyzeDomain (187ms)
			TypeCache.Refresh (9ms)
				TypeCache.ScanAssembly (0ms)
			BuildScriptInfoCaches (162ms)
			ResolveRequiredComponents (12ms)
	FinalizeReload (812ms)
		ReleaseScriptCaches (0ms)
		RebuildScriptCaches (0ms)
		SetupLoadedEditorAssemblies (635ms)
			LogAssemblyErrors (0ms)
			InitializePlatformSupportModulesInManaged (4ms)
			SetLoadedEditorAssemblies (5ms)
			BeforeProcessingInitializeOnLoad (139ms)
			ProcessInitializeOnLoadAttributes (405ms)
			ProcessInitializeOnLoadMethodAttributes (73ms)
			AfterProcessingInitializeOnLoad (10ms)
			EditorAssembliesLoaded (0ms)
		ExecutionOrderSort2 (0ms)
		AwakeInstancesAfterBackupRestoration (22ms)
Refreshing native plugins compatible for Editor in 0.97 ms, found 3 plugins.
Preloading 0 native plugins for Editor in 0.00 ms.
Unloading 13 Unused Serialized files (Serialized files now loaded: 0)
Unloading 6101 unused Assets / (4.1 MB). Loaded Objects now: 6846.
Memory consumption went from 139.2 MB to 135.1 MB.
Total: 13.368300 ms (FindLiveObjects: 1.367800 ms CreateObjectMapping: 1.121500 ms MarkObjects: 7.107400 ms  DeleteObjects: 3.769600 ms)

Prepare: number of updated asset objects reloaded= 0
========================================================================
Received Prepare
Begin MonoManager ReloadAssembly
- Loaded All Assemblies, in  0.796 seconds
Refreshing native plugins compatible for Editor in 0.96 ms, found 3 plugins.
Native extension for UWP target not found
Native extension for WindowsStandalone target not found
Native extension for WebGL target not found
[Package Manager] Failed to launch server process. Reason: Unity was launched with the -noUpm command-line argument
[Package Manager] Unable to send message (not connected to server process).
[Package Manager] Cannot connect to Unity Package Manager local server
Mono: successfully reloaded assembly
- Finished resetting the current domain, in  0.809 seconds
Domain Reload Profiling: 1608ms
	BeginReloadAssembly (232ms)
		ExecutionOrderSort (0ms)
		DisableScriptedObjects (6ms)
		BackupInstance (0ms)
		ReleaseScriptingObjects (0ms)
		CreateAndSetChildDomain (51ms)
	RebuildCommonClasses (41ms)
	RebuildNativeTypeToScriptingClass (12ms)
	initialDomainReloadingComplete (32ms)
	LoadAllAssembliesAndSetupDomain (481ms)
		LoadAssemblies (393ms)
		RebuildTransferFunctionScriptingTraits (0ms)
		AnalyzeDomain (199ms)
			TypeCache.Refresh (10ms)
				TypeCache.ScanAssembly (0ms)
			BuildScriptInfoCaches (171ms)
			ResolveRequiredComponents (13ms)
	FinalizeReload (810ms)
		ReleaseScriptCaches (0ms)
		RebuildScriptCaches (0ms)
		SetupLoadedEditorAssemblies (638ms)
			LogAssemblyErrors (0ms)
			InitializePlatformSupportModulesInManaged (4ms)
			SetLoadedEditorAssemblies (5ms)
			BeforeProcessingInitializeOnLoad (147ms)
			ProcessInitializeOnLoadAttributes (418ms)
			ProcessInitializeOnLoadMethodAttributes (56ms)
			AfterProcessingInitializeOnLoad (7ms)
			EditorAssembliesLoaded (1ms)
		ExecutionOrderSort2 (0ms)
		AwakeInstancesAfterBackupRestoration (21ms)
Refreshing native plugins compatible for Editor in 1.17 ms, found 3 plugins.
Preloading 0 native plugins for Editor in 0.00 ms.
Unloading 13 Unused Serialized files (Serialized files now loaded: 0)
Unloading 6101 unused Assets / (4.2 MB). Loaded Objects now: 6849.
Memory consumption went from 139.2 MB to 135.1 MB.
Total: 18.345600 ms (FindLiveObjects: 1.964900 ms CreateObjectMapping: 1.259500 ms MarkObjects: 8.441200 ms  DeleteObjects: 6.677400 ms)

Prepare: number of updated asset objects reloaded= 0
========================================================================
Received Prepare
Begin MonoManager ReloadAssembly
[Licensing::Client] Successfully resolved entitlement details
- Loaded All Assemblies, in  0.837 seconds
Refreshing native plugins compatible for Editor in 0.97 ms, found 3 plugins.
Native extension for UWP target not found
Native extension for WindowsStandalone target not found
Native extension for WebGL target not found
[Package Manager] Failed to launch server process. Reason: Unity was launched with the -noUpm command-line argument
[Package Manager] Unable to send message (not connected to server process).
[Package Manager] Cannot connect to Unity Package Manager local server
Mono: successfully reloaded assembly
- Finished resetting the current domain, in  0.798 seconds
Domain Reload Profiling: 1637ms
	BeginReloadAssembly (250ms)
		ExecutionOrderSort (0ms)
		DisableScriptedObjects (8ms)
		BackupInstance (0ms)
		ReleaseScriptingObjects (0ms)
		CreateAndSetChildDomain (53ms)
	RebuildCommonClasses (39ms)
	RebuildNativeTypeToScriptingClass (19ms)
	initialDomainReloadingComplete (33ms)
	LoadAllAssembliesAndSetupDomain (498ms)
		LoadAssemblies (433ms)
		RebuildTransferFunctionScriptingTraits (0ms)
		AnalyzeDomain (189ms)
			TypeCache.Refresh (8ms)
				TypeCache.ScanAssembly (0ms)
			BuildScriptInfoCaches (165ms)
			ResolveRequiredComponents (11ms)
	FinalizeReload (798ms)
		ReleaseScriptCaches (0ms)
		RebuildScriptCaches (0ms)
		SetupLoadedEditorAssemblies (612ms)
			LogAssemblyErrors (0ms)
			InitializePlatformSupportModulesInManaged (4ms)
			SetLoadedEditorAssemblies (7ms)
			BeforeProcessingInitializeOnLoad (139ms)
			ProcessInitializeOnLoadAttributes (393ms)
			ProcessInitializeOnLoadMethodAttributes (62ms)
			AfterProcessingInitializeOnLoad (7ms)
			EditorAssembliesLoaded (0ms)
		ExecutionOrderSort2 (0ms)
		AwakeInstancesAfterBackupRestoration (21ms)
Refreshing native plugins compatible for Editor in 1.09 ms, found 3 plugins.
Preloading 0 native plugins for Editor in 0.00 ms.
Unloading 13 Unused Serialized files (Serialized files now loaded: 0)
Unloading 6101 unused Assets / (4.5 MB). Loaded Objects now: 6852.
Memory consumption went from 139.3 MB to 134.8 MB.
Total: 21.627200 ms (FindLiveObjects: 2.436500 ms CreateObjectMapping: 2.396500 ms MarkObjects: 10.100000 ms  DeleteObjects: 6.691600 ms)

Prepare: number of updated asset objects reloaded= 0
========================================================================
Received Prepare
Begin MonoManager ReloadAssembly
[Licensing::Client] Successfully resolved entitlement details
- Loaded All Assemblies, in  1.406 seconds
Refreshing native plugins compatible for Editor in 0.85 ms, found 3 plugins.
Native extension for UWP target not found
Native extension for WindowsStandalone target not found
Native extension for WebGL target not found
[Package Manager] Failed to launch server process. Reason: Unity was launched with the -noUpm command-line argument
[Package Manager] Unable to send message (not connected to server process).
[Package Manager] Cannot connect to Unity Package Manager local server
Mono: successfully reloaded assembly
- Finished resetting the current domain, in  1.277 seconds
Domain Reload Profiling: 2686ms
	BeginReloadAssembly (464ms)
		ExecutionOrderSort (0ms)
		DisableScriptedObjects (28ms)
		BackupInstance (0ms)
		ReleaseScriptingObjects (1ms)
		CreateAndSetChildDomain (141ms)
	RebuildCommonClasses (49ms)
	RebuildNativeTypeToScriptingClass (16ms)
	initialDomainReloadingComplete (52ms)
	LoadAllAssembliesAndSetupDomain (828ms)
		LoadAssemblies (747ms)
		RebuildTransferFunctionScriptingTraits (0ms)
		AnalyzeDomain (252ms)
			TypeCache.Refresh (29ms)
				TypeCache.ScanAssembly (0ms)
			BuildScriptInfoCaches (198ms)
			ResolveRequiredComponents (16ms)
	FinalizeReload (1278ms)
		ReleaseScriptCaches (0ms)
		RebuildScriptCaches (0ms)
		SetupLoadedEditorAssemblies (1029ms)
			LogAssemblyErrors (0ms)
			InitializePlatformSupportModulesInManaged (8ms)
			SetLoadedEditorAssemblies (8ms)
			BeforeProcessingInitializeOnLoad (205ms)
			ProcessInitializeOnLoadAttributes (682ms)
			ProcessInitializeOnLoadMethodAttributes (117ms)
			AfterProcessingInitializeOnLoad (8ms)
			EditorAssembliesLoaded (0ms)
		ExecutionOrderSort2 (0ms)
		AwakeInstancesAfterBackupRestoration (25ms)
Refreshing native plugins compatible for Editor in 1.30 ms, found 3 plugins.
Preloading 0 native plugins for Editor in 0.00 ms.
Unloading 13 Unused Serialized files (Serialized files now loaded: 0)
Unloading 6106 unused Assets / (4.6 MB). Loaded Objects now: 6860.
Memory consumption went from 139.3 MB to 134.8 MB.
Total: 19.669900 ms (FindLiveObjects: 1.964700 ms CreateObjectMapping: 1.997100 ms MarkObjects: 8.475400 ms  DeleteObjects: 7.228300 ms)

Prepare: number of updated asset objects reloaded= 0
========================================================================
Received Import Request.
  Time since last request: 1507.512544 seconds.
  path: Assets/IsometricElfFreeVer/prefabs/ArrowController.prefab
  artifactKey: Guid(1fbc3bb319ccb2b4ab4afcd48eb89c12) Importer(815301076,1909f56bfc062723c751e8b465ee728b)
Start importing Assets/IsometricElfFreeVer/prefabs/ArrowController.prefab using Guid(1fbc3bb319ccb2b4ab4afcd48eb89c12) Importer(815301076,1909f56bfc062723c751e8b465ee728b) (PreviewImporter) -> (artifact id: 'e88da8ff4abe395b8e5e3366a92972fe') in 2.2564675 seconds
Number of updated asset objects reloaded before import = 0Number of asset objects unloaded after import = 14

========================================================================
Received Import Request.
  Time since last request: 12.124885 seconds.
  path: Assets/IsometricElfFreeVer/images/64_Fild.asset
  artifactKey: Guid(03574376d73718748b3bc0ba80c47e8e) Importer(815301076,1909f56bfc062723c751e8b465ee728b)
Start importing Assets/IsometricElfFreeVer/images/64_Fild.asset using Guid(03574376d73718748b3bc0ba80c47e8e) Importer(815301076,1909f56bfc062723c751e8b465ee728b) (PreviewImporter) -> (artifact id: '6ca3995eca5891b4311193a36d385a24') in 0.0455892 seconds
Number of updated asset objects reloaded before import = 0Number of asset objects unloaded after import = 3

========================================================================
Received Import Request.
  Time since last request: 0.000061 seconds.
  path: Assets/IsometricElfFreeVer/images/item.png
  artifactKey: Guid(3f7136c83a4a8eb45a61652884907ba8) Importer(815301076,1909f56bfc062723c751e8b465ee728b)
Start importing Assets/IsometricElfFreeVer/images/item.png using Guid(3f7136c83a4a8eb45a61652884907ba8) Importer(815301076,1909f56bfc062723c751e8b465ee728b) (PreviewImporter)[Licensing::Client] Successfully resolved entitlement details
 -> (artifact id: '7ed9a77947f77ae119692c0b2af0fb51') in 0.092776 seconds
Number of updated asset objects reloaded before import = 0Number of asset objects unloaded after import = 8

========================================================================
Received Import Request.
  Time since last request: 0.000036 seconds.
  path: Assets/IsometricElfFreeVer/images/elf_walk.png
  artifactKey: Guid(7465ef4f8274330419bdc1abe808b291) Importer(815301076,1909f56bfc062723c751e8b465ee728b)
Start importing Assets/IsometricElfFreeVer/images/elf_walk.png using Guid(7465ef4f8274330419bdc1abe808b291) Importer(815301076,1909f56bfc062723c751e8b465ee728b) (PreviewImporter) -> (artifact id: 'ee53d6ef663a2f8595c2f9e456be96b7') in 0.0853705 seconds
Number of updated asset objects reloaded before import = 0Number of asset objects unloaded after import = 14

========================================================================
Received Import Request.
  Time since last request: 0.000090 seconds.
  path: Assets/IsometricElfFreeVer/images/elf_throw.png
  artifactKey: Guid(e1d7e1953d52a3e49b3216f087be7e1b) Importer(815301076,1909f56bfc062723c751e8b465ee728b)
Start importing Assets/IsometricElfFreeVer/images/elf_throw.png using Guid(e1d7e1953d52a3e49b3216f087be7e1b) Importer(815301076,1909f56bfc062723c751e8b465ee728b) (PreviewImporter) -> (artifact id: '0db0101cbb3c0970fed13a971247df17') in 0.121652 seconds
Number of updated asset objects reloaded before import = 0Number of asset objects unloaded after import = 22

========================================================================
Received Import Request.
  Time since last request: 0.000047 seconds.
  path: Assets/IsometricElfFreeVer/images/elf_damage.png
  artifactKey: Guid(ebf9616ebd6b1e748a4da76ac651ea6f) Importer(815301076,1909f56bfc062723c751e8b465ee728b)
Start importing Assets/IsometricElfFreeVer/images/elf_damage.png using Guid(ebf9616ebd6b1e748a4da76ac651ea6f) Importer(815301076,1909f56bfc062723c751e8b465ee728b) (PreviewImporter) -> (artifact id: 'ed7457d18a98e3a1004915e8fc8aff33') in 0.0794149 seconds
Number of updated asset objects reloaded before import = 0Number of asset objects unloaded after import = 14

========================================================================
Received Import Request.
  Time since last request: 12.426060 seconds.
  path: Assets/IsometricElfFreeVer/animations/elf_fighter
  artifactKey: Guid(3ca82d3296b77b94da052916fc714747) Importer(815301076,1909f56bfc062723c751e8b465ee728b)
Start importing Assets/IsometricElfFreeVer/animations/elf_fighter using Guid(3ca82d3296b77b94da052916fc714747) Importer(815301076,1909f56bfc062723c751e8b465ee728b) (PreviewImporter) -> (artifact id: 'e321b8c5bb0ca49ebdc88265fcabc513') in 0.0010222 seconds
Number of updated asset objects reloaded before import = 0Number of asset objects unloaded after import = 0

========================================================================
Received Prepare
Begin MonoManager ReloadAssembly
[Licensing::Client] Successfully resolved entitlement details
- Loaded All Assemblies, in  0.985 seconds
Refreshing native plugins compatible for Editor in 0.81 ms, found 3 plugins.
Native extension for UWP target not found
Native extension for WindowsStandalone target not found
Native extension for WebGL target not found
[Package Manager] Failed to launch server process. Reason: Unity was launched with the -noUpm command-line argument
[Package Manager] Unable to send message (not connected to server process).
[Package Manager] Cannot connect to Unity Package Manager local server
Mono: successfully reloaded assembly
- Finished resetting the current domain, in  0.887 seconds
Domain Reload Profiling: 1874ms
	BeginReloadAssembly (342ms)
		ExecutionOrderSort (0ms)
		DisableScriptedObjects (36ms)
		BackupInstance (0ms)
		ReleaseScriptingObjects (1ms)
		CreateAndSetChildDomain (102ms)
	RebuildCommonClasses (42ms)
	RebuildNativeTypeToScriptingClass (13ms)
	initialDomainReloadingComplete (36ms)
	LoadAllAssembliesAndSetupDomain (554ms)
		LoadAssemblies (491ms)
		RebuildTransferFunctionScriptingTraits (0ms)
		AnalyzeDomain (202ms)
			TypeCache.Refresh (7ms)
				TypeCache.ScanAssembly (0ms)
			BuildScriptInfoCaches (178ms)
			ResolveRequiredComponents (12ms)
	FinalizeReload (888ms)
		ReleaseScriptCaches (0ms)
		RebuildScriptCaches (0ms)
		SetupLoadedEditorAssemblies (667ms)
			LogAssemblyErrors (0ms)
			InitializePlatformSupportModulesInManaged (4ms)
			SetLoadedEditorAssemblies (4ms)
			BeforeProcessingInitializeOnLoad (149ms)
			ProcessInitializeOnLoadAttributes (430ms)
			ProcessInitializeOnLoadMethodAttributes (65ms)
			AfterProcessingInitializeOnLoad (13ms)
			EditorAssembliesLoaded (1ms)
		ExecutionOrderSort2 (0ms)
		AwakeInstancesAfterBackupRestoration (28ms)
Refreshing native plugins compatible for Editor in 2.08 ms, found 3 plugins.
Preloading 0 native plugins for Editor in 0.00 ms.
Unloading 13 Unused Serialized files (Serialized files now loaded: 0)
Unloading 6106 unused Assets / (4.3 MB). Loaded Objects now: 6900.
Memory consumption went from 146.7 MB to 142.5 MB.
Total: 12.376300 ms (FindLiveObjects: 1.175700 ms CreateObjectMapping: 0.580700 ms MarkObjects: 6.821600 ms  DeleteObjects: 3.796100 ms)

Prepare: number of updated asset objects reloaded= 0
========================================================================
Received Prepare
Begin MonoManager ReloadAssembly
- Loaded All Assemblies, in  0.855 seconds
Refreshing native plugins compatible for Editor in 0.69 ms, found 3 plugins.
Native extension for UWP target not found
Native extension for WindowsStandalone target not found
Native extension for WebGL target not found
[Package Manager] Failed to launch server process. Reason: Unity was launched with the -noUpm command-line argument
[Package Manager] Unable to send message (not connected to server process).
[Package Manager] Cannot connect to Unity Package Manager local server
Mono: successfully reloaded assembly
- Finished resetting the current domain, in  0.822 seconds
Domain Reload Profiling: 1680ms
	BeginReloadAssembly (268ms)
		ExecutionOrderSort (0ms)
		DisableScriptedObjects (6ms)
		BackupInstance (0ms)
		ReleaseScriptingObjects (0ms)
		CreateAndSetChildDomain (59ms)
	RebuildCommonClasses (46ms)
	RebuildNativeTypeToScriptingClass (14ms)
	initialDomainReloadingComplete (35ms)
	LoadAllAssembliesAndSetupDomain (495ms)
		LoadAssemblies (436ms)
		RebuildTransferFunctionScriptingTraits (0ms)
		AnalyzeDomain (195ms)
			TypeCache.Refresh (7ms)
				TypeCache.ScanAssembly (0ms)
			BuildScriptInfoCaches (168ms)
			ResolveRequiredComponents (14ms)
	FinalizeReload (823ms)
		ReleaseScriptCaches (0ms)
		RebuildScriptCaches (0ms)
		SetupLoadedEditorAssemblies (644ms)
			LogAssemblyErrors (0ms)
			InitializePlatformSupportModulesInManaged (4ms)
			SetLoadedEditorAssemblies (4ms)
			BeforeProcessingInitializeOnLoad (147ms)
			ProcessInitializeOnLoadAttributes (423ms)
			ProcessInitializeOnLoadMethodAttributes (60ms)
			AfterProcessingInitializeOnLoad (6ms)
			EditorAssembliesLoaded (0ms)
		ExecutionOrderSort2 (0ms)
		AwakeInstancesAfterBackupRestoration (21ms)
Refreshing native plugins compatible for Editor in 0.84 ms, found 3 plugins.
Preloading 0 native plugins for Editor in 0.00 ms.
Unloading 13 Unused Serialized files (Serialized files now loaded: 0)
Unloading 6106 unused Assets / (4.2 MB). Loaded Objects now: 6903.
Memory consumption went from 146.6 MB to 142.4 MB.
Total: 11.152800 ms (FindLiveObjects: 0.922700 ms CreateObjectMapping: 0.632400 ms MarkObjects: 6.007700 ms  DeleteObjects: 3.588400 ms)

Prepare: number of updated asset objects reloaded= 0
========================================================================
Received Prepare
Begin MonoManager ReloadAssembly
- Loaded All Assemblies, in  0.863 seconds
Refreshing native plugins compatible for Editor in 1.41 ms, found 3 plugins.
Native extension for UWP target not found
Native extension for WindowsStandalone target not found
Native extension for WebGL target not found
[Package Manager] Failed to launch server process. Reason: Unity was launched with the -noUpm command-line argument
[Package Manager] Unable to send message (not connected to server process).
[Package Manager] Cannot connect to Unity Package Manager local server
Mono: successfully reloaded assembly
- Finished resetting the current domain, in  0.829 seconds
Domain Reload Profiling: 1693ms
	BeginReloadAssembly (270ms)
		ExecutionOrderSort (0ms)
		DisableScriptedObjects (6ms)
		BackupInstance (0ms)
		ReleaseScriptingObjects (0ms)
		CreateAndSetChildDomain (60ms)
	RebuildCommonClasses (41ms)
	RebuildNativeTypeToScriptingClass (13ms)
	initialDomainReloadingComplete (37ms)
	LoadAllAssembliesAndSetupDomain (503ms)
		LoadAssemblies (439ms)
		RebuildTransferFunctionScriptingTraits (0ms)
		AnalyzeDomain (207ms)
			TypeCache.Refresh (7ms)
				TypeCache.ScanAssembly (0ms)
			BuildScriptInfoCaches (183ms)
			ResolveRequiredComponents (12ms)
	FinalizeReload (830ms)
		ReleaseScriptCaches (0ms)
		RebuildScriptCaches (0ms)
		SetupLoadedEditorAssemblies (645ms)
			LogAssemblyErrors (0ms)
			InitializePlatformSupportModulesInManaged (4ms)
			SetLoadedEditorAssemblies (4ms)
			BeforeProcessingInitializeOnLoad (152ms)
			ProcessInitializeOnLoadAttributes (406ms)
			ProcessInitializeOnLoadMethodAttributes (71ms)
			AfterProcessingInitializeOnLoad (7ms)
			EditorAssembliesLoaded (0ms)
		ExecutionOrderSort2 (0ms)
		AwakeInstancesAfterBackupRestoration (21ms)
Refreshing native plugins compatible for Editor in 0.85 ms, found 3 plugins.
Preloading 0 native plugins for Editor in 0.00 ms.
Unloading 13 Unused Serialized files (Serialized files now loaded: 0)
Unloading 6106 unused Assets / (5.0 MB). Loaded Objects now: 6906.
Memory consumption went from 146.6 MB to 141.6 MB.
Total: 13.678700 ms (FindLiveObjects: 1.048200 ms CreateObjectMapping: 2.105100 ms MarkObjects: 6.218200 ms  DeleteObjects: 4.305500 ms)

Prepare: number of updated asset objects reloaded= 0
========================================================================
Received Prepare
Refreshing native plugins compatible for Editor in 1.22 ms, found 3 plugins.
Preloading 0 native plugins for Editor in 0.00 ms.
Unloading 13 Unused Serialized files (Serialized files now loaded: 0)
Unloading 6095 unused Assets / (4.4 MB). Loaded Objects now: 6901.
Memory consumption went from 146.8 MB to 142.4 MB.
Total: 21.492300 ms (FindLiveObjects: 1.090200 ms CreateObjectMapping: 1.096400 ms MarkObjects: 11.955900 ms  DeleteObjects: 7.345800 ms)

Prepare: number of updated asset objects reloaded= 0
========================================================================
Received Prepare
Begin MonoManager ReloadAssembly
[Licensing::Client] Successfully resolved entitlement details
- Loaded All Assemblies, in  0.963 seconds
Refreshing native plugins compatible for Editor in 0.70 ms, found 3 plugins.
Native extension for UWP target not found
Native extension for WindowsStandalone target not found
Native extension for WebGL target not found
[Package Manager] Failed to launch server process. Reason: Unity was launched with the -noUpm command-line argument
[Package Manager] Unable to send message (not connected to server process).
[Package Manager] Cannot connect to Unity Package Manager local server
Mono: successfully reloaded assembly
- Finished resetting the current domain, in  0.880 seconds
Domain Reload Profiling: 1844ms
	BeginReloadAssembly (285ms)
		ExecutionOrderSort (0ms)
		DisableScriptedObjects (12ms)
		BackupInstance (0ms)
		ReleaseScriptingObjects (0ms)
		CreateAndSetChildDomain (70ms)
	RebuildCommonClasses (42ms)
	RebuildNativeTypeToScriptingClass (14ms)
	initialDomainReloadingComplete (40ms)
	LoadAllAssembliesAndSetupDomain (582ms)
		LoadAssemblies (507ms)
		RebuildTransferFunctionScriptingTraits (0ms)
		AnalyzeDomain (209ms)
			TypeCache.Refresh (13ms)
				TypeCache.ScanAssembly (0ms)
			BuildScriptInfoCaches (178ms)
			ResolveRequiredComponents (13ms)
	FinalizeReload (881ms)
		ReleaseScriptCaches (0ms)
		RebuildScriptCaches (0ms)
		SetupLoadedEditorAssemblies (693ms)
			LogAssemblyErrors (0ms)
			InitializePlatformSupportModulesInManaged (4ms)
			SetLoadedEditorAssemblies (7ms)
			BeforeProcessingInitializeOnLoad (161ms)
			ProcessInitializeOnLoadAttributes (452ms)
			ProcessInitializeOnLoadMethodAttributes (63ms)
			AfterProcessingInitializeOnLoad (7ms)
			EditorAssembliesLoaded (0ms)
		ExecutionOrderSort2 (0ms)
		AwakeInstancesAfterBackupRestoration (17ms)
Refreshing native plugins compatible for Editor in 0.91 ms, found 3 plugins.
Preloading 0 native plugins for Editor in 0.00 ms.
Unloading 13 Unused Serialized files (Serialized files now loaded: 0)
Unloading 6101 unused Assets / (5.3 MB). Loaded Objects now: 6904.
Memory consumption went from 146.7 MB to 141.4 MB.
Total: 12.155400 ms (FindLiveObjects: 0.773300 ms CreateObjectMapping: 0.599000 ms MarkObjects: 5.765100 ms  DeleteObjects: 5.016500 ms)

Prepare: number of updated asset objects reloaded= 0
========================================================================
Received Import Request.
  Time since last request: 398.309417 seconds.
  path: Assets/Stylized Cute Alien Character
  artifactKey: Guid(8424c259d375e9645a3b26e79e465fe2) Importer(815301076,1909f56bfc062723c751e8b465ee728b)
Start importing Assets/Stylized Cute Alien Character using Guid(8424c259d375e9645a3b26e79e465fe2) Importer(815301076,1909f56bfc062723c751e8b465ee728b) (PreviewImporter) -> (artifact id: '8a96e345da6867cf37fd692e330ee4bb') in 0.3615124 seconds
Number of updated asset objects reloaded before import = 0Number of asset objects unloaded after import = 0

========================================================================
Received Import Request.
  Time since last request: 0.762525 seconds.
  path: Assets/Stylized Cute Alien Character/Alien
  artifactKey: Guid(6dc881689d7f2e0438811f1aeac22715) Importer(815301076,1909f56bfc062723c751e8b465ee728b)
Start importing Assets/Stylized Cute Alien Character/Alien using Guid(6dc881689d7f2e0438811f1aeac22715) Importer(815301076,1909f56bfc062723c751e8b465ee728b) (PreviewImporter) -> (artifact id: 'e18bbd8bdfbf186486bfddc4796e1587') in 0.0010265 seconds
Number of updated asset objects reloaded before import = 0Number of asset objects unloaded after import = 0

========================================================================
Received Import Request.
  Time since last request: 0.011486 seconds.
  path: Assets/Stylized Cute Alien Character/Alien/Model.fbx
  artifactKey: Guid(150b771c021f45d48873c0d8caddd485) Importer(815301076,1909f56bfc062723c751e8b465ee728b)
Start importing Assets/Stylized Cute Alien Character/Alien/Model.fbx using Guid(150b771c021f45d48873c0d8caddd485) Importer(815301076,1909f56bfc062723c751e8b465ee728b) (PreviewImporter) -> (artifact id: 'a19a95d3a0980f7e1f912c67f46a2a43') in 1.1077849 seconds
Number of updated asset objects reloaded before import = 0Number of asset objects unloaded after import = 98

========================================================================
Received Import Request.
  Time since last request: 0.541264 seconds.
  path: Assets/Stylized Cute Alien Character/Alien/Prefabs
  artifactKey: Guid(055c151aac5b16949b1a8b89070da216) Importer(815301076,1909f56bfc062723c751e8b465ee728b)
Start importing Assets/Stylized Cute Alien Character/Alien/Prefabs using Guid(055c151aac5b16949b1a8b89070da216) Importer(815301076,1909f56bfc062723c751e8b465ee728b) (PreviewImporter) -> (artifact id: 'a5a465f195b42c1c282f7f97c0f1095d') in 0.0009562 seconds
Number of updated asset objects reloaded before import = 0Number of asset objects unloaded after import = 0

========================================================================
Received Import Request.
  Time since last request: 0.012535 seconds.
  path: Assets/Stylized Cute Alien Character/Alien/Prefabs/CuteAlien.prefab
  artifactKey: Guid(9ac148c69b5cff64c9db44b77dc50878) Importer(815301076,1909f56bfc062723c751e8b465ee728b)
Start importing Assets/Stylized Cute Alien Character/Alien/Prefabs/CuteAlien.prefab using Guid(9ac148c69b5cff64c9db44b77dc50878) Importer(815301076,1909f56bfc062723c751e8b465ee728b) (PreviewImporter) -> (artifact id: 'acd618813d87004e26149216d56345b7') in 18.2304696 seconds
Number of updated asset objects reloaded before import = 0Number of asset objects unloaded after import = 185

========================================================================
Received Import Request.
  Time since last request: 176.303946 seconds.
  path: Assets/Stylized Cute Alien Character/Alien/Prefabs/CuteAlien.prefab
  artifactKey: Guid(9ac148c69b5cff64c9db44b77dc50878) Importer(815301076,1909f56bfc062723c751e8b465ee728b)
Start importing Assets/Stylized Cute Alien Character/Alien/Prefabs/CuteAlien.prefab using Guid(9ac148c69b5cff64c9db44b77dc50878) Importer(815301076,1909f56bfc062723c751e8b465ee728b) (PreviewImporter)Asset 'space_man_controller': Transition 'Idle -> Run' in state 'Idle' doesn't have an Exit Time or any condition, transition will be ignored
UnityEngine.Debug:ExtractStackTraceNoAlloc (byte*,int,string)
UnityEngine.StackTraceUtility:ExtractStackTrace ()
UnityEditor.EditorUtility:Internal_InstantiateRemoveAllNonAnimationComponentsSingle (UnityEngine.Object,UnityEngine.Vector3,UnityEngine.Quaternion)
UnityEditor.EditorUtility:InstantiateRemoveAllNonAnimationComponents (UnityEngine.Object,UnityEngine.Vector3,UnityEngine.Quaternion)
UnityEditor.EditorUtility:InstantiateForAnimatorPreview (UnityEngine.Object)
UnityEditor.GameObjectInspector/PreviewData:UpdateGameObject (UnityEngine.Object)
UnityEditor.GameObjectInspector/PreviewData:.ctor (UnityEngine.Object,bool)
UnityEditor.GameObjectInspector:GetPreviewData (bool)
UnityEditor.GameObjectInspector:RenderStaticPreview (string,UnityEngine.Object[],int,int)
UnityEditor.AssetPreviewUpdater:CreatePreview (UnityEngine.Object,UnityEngine.Object[],string,int,int)
UnityEditor.AssetPreviewUpdater:CreatePreviewForAsset (UnityEngine.Object,UnityEngine.Object[],string)

[C:\build\output\unity\unity\Editor\Src\Animation\StateMachine.cpp line 1861]

Asset 'space_man_controller': Transition 'Run -> Run_Back' in state 'Run' doesn't have an Exit Time or any condition, transition will be ignored
UnityEngine.Debug:ExtractStackTraceNoAlloc (byte*,int,string)
UnityEngine.StackTraceUtility:ExtractStackTrace ()
UnityEditor.EditorUtility:Internal_InstantiateRemoveAllNonAnimationComponentsSingle (UnityEngine.Object,UnityEngine.Vector3,UnityEngine.Quaternion)
UnityEditor.EditorUtility:InstantiateRemoveAllNonAnimationComponents (UnityEngine.Object,UnityEngine.Vector3,UnityEngine.Quaternion)
UnityEditor.EditorUtility:InstantiateForAnimatorPreview (UnityEngine.Object)
UnityEditor.GameObjectInspector/PreviewData:UpdateGameObject (UnityEngine.Object)
UnityEditor.GameObjectInspector/PreviewData:.ctor (UnityEngine.Object,bool)
UnityEditor.GameObjectInspector:GetPreviewData (bool)
UnityEditor.GameObjectInspector:RenderStaticPreview (string,UnityEngine.Object[],int,int)
UnityEditor.AssetPreviewUpdater:CreatePreview (UnityEngine.Object,UnityEngine.Object[],string,int,int)
UnityEditor.AssetPreviewUpdater:CreatePreviewForAsset (UnityEngine.Object,UnityEngine.Object[],string)

[C:\build\output\unity\unity\Editor\Src\Animation\StateMachine.cpp line 1861]

Asset 'space_man_controller': Transition 'Run -> Idle' in state 'Run' doesn't have an Exit Time or any condition, transition will be ignored
UnityEngine.Debug:ExtractStackTraceNoAlloc (byte*,int,string)
UnityEngine.StackTraceUtility:ExtractStackTrace ()
UnityEditor.EditorUtility:Internal_InstantiateRemoveAllNonAnimationComponentsSingle (UnityEngine.Object,UnityEngine.Vector3,UnityEngine.Quaternion)
UnityEditor.EditorUtility:InstantiateRemoveAllNonAnimationComponents (UnityEngine.Object,UnityEngine.Vector3,UnityEngine.Quaternion)
UnityEditor.EditorUtility:InstantiateForAnimatorPreview (UnityEngine.Object)
UnityEditor.GameObjectInspector/PreviewData:UpdateGameObject (UnityEngine.Object)
UnityEditor.GameObjectInspector/PreviewData:.ctor (UnityEngine.Object,bool)
UnityEditor.GameObjectInspector:GetPreviewData (bool)
UnityEditor.GameObjectInspector:RenderStaticPreview (string,UnityEngine.Object[],int,int)
UnityEditor.AssetPreviewUpdater:CreatePreview (UnityEngine.Object,UnityEngine.Object[],string,int,int)
UnityEditor.AssetPreviewUpdater:CreatePreviewForAsset (UnityEngine.Object,UnityEngine.Object[],string)

[C:\build\output\unity\unity\Editor\Src\Animation\StateMachine.cpp line 1861]

Asset 'space_man_controller': Transition 'Run_Back -> Run' in state 'Run_Back' doesn't have an Exit Time or any condition, transition will be ignored
UnityEngine.Debug:ExtractStackTraceNoAlloc (byte*,int,string)
UnityEngine.StackTraceUtility:ExtractStackTrace ()
UnityEditor.EditorUtility:Internal_InstantiateRemoveAllNonAnimationComponentsSingle (UnityEngine.Object,UnityEngine.Vector3,UnityEngine.Quaternion)
UnityEditor.EditorUtility:InstantiateRemoveAllNonAnimationComponents (UnityEngine.Object,UnityEngine.Vector3,UnityEngine.Quaternion)
UnityEditor.EditorUtility:InstantiateForAnimatorPreview (UnityEngine.Object)
UnityEditor.GameObjectInspector/PreviewData:UpdateGameObject (UnityEngine.Object)
UnityEditor.GameObjectInspector/PreviewData:.ctor (UnityEngine.Object,bool)
UnityEditor.GameObjectInspector:GetPreviewData (bool)
UnityEditor.GameObjectInspector:RenderStaticPreview (string,UnityEngine.Object[],int,int)
UnityEditor.AssetPreviewUpdater:CreatePreview (UnityEngine.Object,UnityEngine.Object[],string,int,int)
UnityEditor.AssetPreviewUpdater:CreatePreviewForAsset (UnityEngine.Object,UnityEngine.Object[],string)

[C:\build\output\unity\unity\Editor\Src\Animation\StateMachine.cpp line 1861]

 -> (artifact id: 'cc51e54b016042e9dab129ba357e8be0') in 0.1269826 seconds
Number of updated asset objects reloaded before import = 0Number of asset objects unloaded after import = 205

========================================================================
Received Prepare
Begin MonoManager ReloadAssembly
[Licensing::Client] Successfully resolved entitlement details
- Loaded All Assemblies, in  1.471 seconds
Refreshing native plugins compatible for Editor in 0.80 ms, found 3 plugins.
Native extension for UWP target not found
Native extension for WindowsStandalone target not found
Native extension for WebGL target not found
[Package Manager] Failed to launch server process. Reason: Unity was launched with the -noUpm command-line argument
[Package Manager] Unable to send message (not connected to server process).
[Package Manager] Cannot connect to Unity Package Manager local server
Mono: successfully reloaded assembly
- Finished resetting the current domain, in  1.200 seconds
Domain Reload Profiling: 2676ms
	BeginReloadAssembly (424ms)
		ExecutionOrderSort (0ms)
		DisableScriptedObjects (39ms)
		BackupInstance (0ms)
		ReleaseScriptingObjects (1ms)
		CreateAndSetChildDomain (136ms)
	RebuildCommonClasses (49ms)
	RebuildNativeTypeToScriptingClass (13ms)
	initialDomainReloadingComplete (39ms)
	LoadAllAssembliesAndSetupDomain (951ms)
		LoadAssemblies (818ms)
		RebuildTransferFunctionScriptingTraits (0ms)
		AnalyzeDomain (289ms)
			TypeCache.Refresh (13ms)
				TypeCache.ScanAssembly (0ms)
			BuildScriptInfoCaches (253ms)
			ResolveRequiredComponents (15ms)
	FinalizeReload (1200ms)
		ReleaseScriptCaches (0ms)
		RebuildScriptCaches (0ms)
		SetupLoadedEditorAssemblies (978ms)
			LogAssemblyErrors (0ms)
			InitializePlatformSupportModulesInManaged (5ms)
			SetLoadedEditorAssemblies (7ms)
			BeforeProcessingInitializeOnLoad (198ms)
			ProcessInitializeOnLoadAttributes (679ms)
			ProcessInitializeOnLoadMethodAttributes (77ms)
			AfterProcessingInitializeOnLoad (11ms)
			EditorAssembliesLoaded (1ms)
		ExecutionOrderSort2 (0ms)
		AwakeInstancesAfterBackupRestoration (31ms)
Refreshing native plugins compatible for Editor in 1.19 ms, found 3 plugins.
Preloading 0 native plugins for Editor in 0.00 ms.
Unloading 14 Unused Serialized files (Serialized files now loaded: 0)
Unloading 6102 unused Assets / (3.8 MB). Loaded Objects now: 6965.
Memory consumption went from 157.1 MB to 153.3 MB.
Total: 23.440100 ms (FindLiveObjects: 2.528300 ms CreateObjectMapping: 1.832800 ms MarkObjects: 11.759900 ms  DeleteObjects: 7.316500 ms)

Prepare: number of updated asset objects reloaded= 0
========================================================================
Received Prepare
Begin MonoManager ReloadAssembly
- Loaded All Assemblies, in  0.881 seconds
Refreshing native plugins compatible for Editor in 0.99 ms, found 3 plugins.
Native extension for UWP target not found
Native extension for WindowsStandalone target not found
Native extension for WebGL target not found
[Package Manager] Failed to launch server process. Reason: Unity was launched with the -noUpm command-line argument
[Package Manager] Unable to send message (not connected to server process).
[Package Manager] Cannot connect to Unity Package Manager local server
Mono: successfully reloaded assembly
- Finished resetting the current domain, in  0.838 seconds
Domain Reload Profiling: 1721ms
	BeginReloadAssembly (253ms)
		ExecutionOrderSort (0ms)
		DisableScriptedObjects (6ms)
		BackupInstance (0ms)
		ReleaseScriptingObjects (0ms)
		CreateAndSetChildDomain (65ms)
	RebuildCommonClasses (46ms)
	RebuildNativeTypeToScriptingClass (14ms)
	initialDomainReloadingComplete (36ms)
	LoadAllAssembliesAndSetupDomain (533ms)
		LoadAssemblies (431ms)
		RebuildTransferFunctionScriptingTraits (0ms)
		AnalyzeDomain (217ms)
			TypeCache.Refresh (10ms)
				TypeCache.ScanAssembly (0ms)
			BuildScriptInfoCaches (188ms)
			ResolveRequiredComponents (14ms)
	FinalizeReload (839ms)
		ReleaseScriptCaches (0ms)
		RebuildScriptCaches (0ms)
		SetupLoadedEditorAssemblies (656ms)
			LogAssemblyErrors (0ms)
			InitializePlatformSupportModulesInManaged (4ms)
			SetLoadedEditorAssemblies (6ms)
			BeforeProcessingInitializeOnLoad (151ms)
			ProcessInitializeOnLoadAttributes (409ms)
			ProcessInitializeOnLoadMethodAttributes (75ms)
			AfterProcessingInitializeOnLoad (12ms)
			EditorAssembliesLoaded (0ms)
		ExecutionOrderSort2 (0ms)
		AwakeInstancesAfterBackupRestoration (22ms)
Refreshing native plugins compatible for Editor in 1.91 ms, found 3 plugins.
Preloading 0 native plugins for Editor in 0.00 ms.
Unloading 13 Unused Serialized files (Serialized files now loaded: 0)
Unloading 6101 unused Assets / (5.0 MB). Loaded Objects now: 6968.
Memory consumption went from 156.8 MB to 151.7 MB.
Total: 22.565800 ms (FindLiveObjects: 2.113300 ms CreateObjectMapping: 1.629700 ms MarkObjects: 11.351700 ms  DeleteObjects: 7.468700 ms)

Prepare: number of updated asset objects reloaded= 0
========================================================================
Received Import Request.
  Time since last request: 83.933790 seconds.
  path: Assets/GridObstacleData.asset
  artifactKey: Guid(a773e8a04e80198498fb42d03a359a69) Importer(815301076,1909f56bfc062723c751e8b465ee728b)
Start importing Assets/GridObstacleData.asset using Guid(a773e8a04e80198498fb42d03a359a69) Importer(815301076,1909f56bfc062723c751e8b465ee728b) (PreviewImporter) -> (artifact id: '74256a96a296a3dde39c601ee7451f96') in 0.0900379 seconds
Number of updated asset objects reloaded before import = 0Number of asset objects unloaded after import = 1

========================================================================
Received Prepare
Begin MonoManager ReloadAssembly
[Licensing::Client] Successfully resolved entitlement details
- Loaded All Assemblies, in  0.874 seconds
Refreshing native plugins compatible for Editor in 0.74 ms, found 3 plugins.
Native extension for UWP target not found
Native extension for WindowsStandalone target not found
Native extension for WebGL target not found
[Package Manager] Failed to launch server process. Reason: Unity was launched with the -noUpm command-line argument
[Package Manager] Unable to send message (not connected to server process).
[Package Manager] Cannot connect to Unity Package Manager local server
Mono: successfully reloaded assembly
- Finished resetting the current domain, in  0.839 seconds
Domain Reload Profiling: 1715ms
	BeginReloadAssembly (275ms)
		ExecutionOrderSort (0ms)
		DisableScriptedObjects (8ms)
		BackupInstance (0ms)
		ReleaseScriptingObjects (0ms)
		CreateAndSetChildDomain (69ms)
	RebuildCommonClasses (45ms)
	RebuildNativeTypeToScriptingClass (15ms)
	initialDomainReloadingComplete (36ms)
	LoadAllAssembliesAndSetupDomain (506ms)
		LoadAssemblies (423ms)
		RebuildTransferFunctionScriptingTraits (0ms)
		AnalyzeDomain (212ms)
			TypeCache.Refresh (10ms)
				TypeCache.ScanAssembly (0ms)
			BuildScriptInfoCaches (183ms)
			ResolveRequiredComponents (13ms)
	FinalizeReload (840ms)
		ReleaseScriptCaches (0ms)
		RebuildScriptCaches (0ms)
		SetupLoadedEditorAssemblies (658ms)
			LogAssemblyErrors (0ms)
			InitializePlatformSupportModulesInManaged (4ms)
			SetLoadedEditorAssemblies (6ms)
			BeforeProcessingInitializeOnLoad (145ms)
			ProcessInitializeOnLoadAttributes (421ms)
			ProcessInitializeOnLoadMethodAttributes (73ms)
			AfterProcessingInitializeOnLoad (8ms)
			EditorAssembliesLoaded (0ms)
		ExecutionOrderSort2 (0ms)
		AwakeInstancesAfterBackupRestoration (19ms)
Refreshing native plugins compatible for Editor in 1.01 ms, found 3 plugins.
Preloading 0 native plugins for Editor in 0.00 ms.
Unloading 13 Unused Serialized files (Serialized files now loaded: 0)
Unloading 6101 unused Assets / (4.9 MB). Loaded Objects now: 6971.
Memory consumption went from 156.8 MB to 151.9 MB.
Total: 21.930400 ms (FindLiveObjects: 2.165700 ms CreateObjectMapping: 1.777300 ms MarkObjects: 9.413100 ms  DeleteObjects: 8.572000 ms)

Prepare: number of updated asset objects reloaded= 0
========================================================================
Received Prepare
Begin MonoManager ReloadAssembly
- Loaded All Assemblies, in  0.865 seconds
Refreshing native plugins compatible for Editor in 0.74 ms, found 3 plugins.
Native extension for UWP target not found
Native extension for WindowsStandalone target not found
Native extension for WebGL target not found
[Package Manager] Failed to launch server process. Reason: Unity was launched with the -noUpm command-line argument
[Package Manager] Unable to send message (not connected to server process).
[Package Manager] Cannot connect to Unity Package Manager local server
Mono: successfully reloaded assembly
- Finished resetting the current domain, in  0.827 seconds
Domain Reload Profiling: 1695ms
	BeginReloadAssembly (257ms)
		ExecutionOrderSort (0ms)
		DisableScriptedObjects (6ms)
		BackupInstance (0ms)
		ReleaseScriptingObjects (0ms)
		CreateAndSetChildDomain (64ms)
	RebuildCommonClasses (48ms)
	RebuildNativeTypeToScriptingClass (17ms)
	initialDomainReloadingComplete (36ms)
	LoadAllAssembliesAndSetupDomain (509ms)
		LoadAssemblies (428ms)
		RebuildTransferFunctionScriptingTraits (0ms)
		AnalyzeDomain (206ms)
			TypeCache.Refresh (7ms)
				TypeCache.ScanAssembly (0ms)
			BuildScriptInfoCaches (178ms)
			ResolveRequiredComponents (14ms)
	FinalizeReload (827ms)
		ReleaseScriptCaches (0ms)
		RebuildScriptCaches (0ms)
		SetupLoadedEditorAssemblies (646ms)
			LogAssemblyErrors (0ms)
			InitializePlatformSupportModulesInManaged (5ms)
			SetLoadedEditorAssemblies (6ms)
			BeforeProcessingInitializeOnLoad (145ms)
			ProcessInitializeOnLoadAttributes (413ms)
			ProcessInitializeOnLoadMethodAttributes (69ms)
			AfterProcessingInitializeOnLoad (7ms)
			EditorAssembliesLoaded (0ms)
		ExecutionOrderSort2 (0ms)
		AwakeInstancesAfterBackupRestoration (21ms)
Refreshing native plugins compatible for Editor in 1.21 ms, found 3 plugins.
Preloading 0 native plugins for Editor in 0.00 ms.
Unloading 13 Unused Serialized files (Serialized files now loaded: 0)
Unloading 6101 unused Assets / (5.1 MB). Loaded Objects now: 6974.
Memory consumption went from 156.9 MB to 151.8 MB.
Total: 17.025000 ms (FindLiveObjects: 1.253000 ms CreateObjectMapping: 0.786900 ms MarkObjects: 8.265700 ms  DeleteObjects: 6.715100 ms)

Prepare: number of updated asset objects reloaded= 0
========================================================================
Received Prepare
Begin MonoManager ReloadAssembly
- Loaded All Assemblies, in  0.854 seconds
Refreshing native plugins compatible for Editor in 0.68 ms, found 3 plugins.
Native extension for UWP target not found
Native extension for WindowsStandalone target not found
Native extension for WebGL target not found
[Package Manager] Failed to launch server process. Reason: Unity was launched with the -noUpm command-line argument
[Package Manager] Unable to send message (not connected to server process).
[Package Manager] Cannot connect to Unity Package Manager local server
Mono: successfully reloaded assembly
- Finished resetting the current domain, in  0.820 seconds
Domain Reload Profiling: 1678ms
	BeginReloadAssembly (245ms)
		ExecutionOrderSort (0ms)
		DisableScriptedObjects (7ms)
		BackupInstance (0ms)
		ReleaseScriptingObjects (0ms)
		CreateAndSetChildDomain (58ms)
	RebuildCommonClasses (41ms)
	RebuildNativeTypeToScriptingClass (17ms)
	initialDomainReloadingComplete (36ms)
	LoadAllAssembliesAndSetupDomain (518ms)
		LoadAssemblies (426ms)
		RebuildTransferFunctionScriptingTraits (0ms)
		AnalyzeDomain (213ms)
			TypeCache.Refresh (13ms)
				TypeCache.ScanAssembly (0ms)
			BuildScriptInfoCaches (179ms)
			ResolveRequiredComponents (14ms)
	FinalizeReload (820ms)
		ReleaseScriptCaches (0ms)
		RebuildScriptCaches (0ms)
		SetupLoadedEditorAssemblies (645ms)
			LogAssemblyErrors (0ms)
			InitializePlatformSupportModulesInManaged (4ms)
			SetLoadedEditorAssemblies (6ms)
			BeforeProcessingInitializeOnLoad (147ms)
			ProcessInitializeOnLoadAttributes (416ms)
			ProcessInitializeOnLoadMethodAttributes (65ms)
			AfterProcessingInitializeOnLoad (7ms)
			EditorAssembliesLoaded (1ms)
		ExecutionOrderSort2 (0ms)
		AwakeInstancesAfterBackupRestoration (22ms)
Refreshing native plugins compatible for Editor in 1.57 ms, found 3 plugins.
Preloading 0 native plugins for Editor in 0.00 ms.
Unloading 13 Unused Serialized files (Serialized files now loaded: 0)
Unloading 6101 unused Assets / (5.5 MB). Loaded Objects now: 6977.
Memory consumption went from 156.9 MB to 151.4 MB.
Total: 17.848100 ms (FindLiveObjects: 1.000200 ms CreateObjectMapping: 1.283800 ms MarkObjects: 8.574400 ms  DeleteObjects: 6.988000 ms)

Prepare: number of updated asset objects reloaded= 0
========================================================================
Received Prepare
Begin MonoManager ReloadAssembly
[Licensing::Client] Successfully resolved entitlement details
- Loaded All Assemblies, in  0.918 seconds
Refreshing native plugins compatible for Editor in 0.78 ms, found 3 plugins.
Native extension for UWP target not found
Native extension for WindowsStandalone target not found
Native extension for WebGL target not found
[Package Manager] Failed to launch server process. Reason: Unity was launched with the -noUpm command-line argument
[Package Manager] Unable to send message (not connected to server process).
[Package Manager] Cannot connect to Unity Package Manager local server
Mono: successfully reloaded assembly
- Finished resetting the current domain, in  0.845 seconds
Domain Reload Profiling: 1766ms
	BeginReloadAssembly (263ms)
		ExecutionOrderSort (0ms)
		DisableScriptedObjects (10ms)
		BackupInstance (0ms)
		ReleaseScriptingObjects (0ms)
		CreateAndSetChildDomain (57ms)
	RebuildCommonClasses (47ms)
	RebuildNativeTypeToScriptingClass (16ms)
	initialDomainReloadingComplete (48ms)
	LoadAllAssembliesAndSetupDomain (545ms)
		LoadAssemblies (439ms)
		RebuildTransferFunctionScriptingTraits (0ms)
		AnalyzeDomain (227ms)
			TypeCache.Refresh (7ms)
				TypeCache.ScanAssembly (0ms)
			BuildScriptInfoCaches (199ms)
			ResolveRequiredComponents (16ms)
	FinalizeReload (846ms)
		ReleaseScriptCaches (0ms)
		RebuildScriptCaches (0ms)
		SetupLoadedEditorAssemblies (651ms)
			LogAssemblyErrors (0ms)
			InitializePlatformSupportModulesInManaged (4ms)
			SetLoadedEditorAssemblies (6ms)
			BeforeProcessingInitializeOnLoad (162ms)
			ProcessInitializeOnLoadAttributes (411ms)
			ProcessInitializeOnLoadMethodAttributes (59ms)
			AfterProcessingInitializeOnLoad (9ms)
			EditorAssembliesLoaded (0ms)
		ExecutionOrderSort2 (0ms)
		AwakeInstancesAfterBackupRestoration (19ms)
Refreshing native plugins compatible for Editor in 0.79 ms, found 3 plugins.
Preloading 0 native plugins for Editor in 0.00 ms.
Unloading 13 Unused Serialized files (Serialized files now loaded: 0)
Unloading 6101 unused Assets / (4.7 MB). Loaded Objects now: 6980.
Memory consumption went from 156.9 MB to 152.2 MB.
Total: 13.350100 ms (FindLiveObjects: 0.770500 ms CreateObjectMapping: 0.895100 ms MarkObjects: 6.318800 ms  DeleteObjects: 5.364000 ms)

Prepare: number of updated asset objects reloaded= 0
========================================================================
Received Prepare
Begin MonoManager ReloadAssembly
- Loaded All Assemblies, in  0.793 seconds
Refreshing native plugins compatible for Editor in 0.69 ms, found 3 plugins.
Native extension for UWP target not found
Native extension for WindowsStandalone target not found
Native extension for WebGL target not found
[Package Manager] Failed to launch server process. Reason: Unity was launched with the -noUpm command-line argument
[Package Manager] Unable to send message (not connected to server process).
[Package Manager] Cannot connect to Unity Package Manager local server
Mono: successfully reloaded assembly
- Finished resetting the current domain, in  0.797 seconds
Domain Reload Profiling: 1592ms
	BeginReloadAssembly (243ms)
		ExecutionOrderSort (0ms)
		DisableScriptedObjects (6ms)
		BackupInstance (0ms)
		ReleaseScriptingObjects (0ms)
		CreateAndSetChildDomain (57ms)
	RebuildCommonClasses (40ms)
	RebuildNativeTypeToScriptingClass (12ms)
	initialDomainReloadingComplete (32ms)
	LoadAllAssembliesAndSetupDomain (468ms)
		LoadAssemblies (399ms)
		RebuildTransferFunctionScriptingTraits (0ms)
		AnalyzeDomain (186ms)
			TypeCache.Refresh (7ms)
				TypeCache.ScanAssembly (0ms)
			BuildScriptInfoCaches (161ms)
			ResolveRequiredComponents (14ms)
	FinalizeReload (797ms)
		ReleaseScriptCaches (0ms)
		RebuildScriptCaches (0ms)
		SetupLoadedEditorAssemblies (629ms)
			LogAssemblyErrors (0ms)
			InitializePlatformSupportModulesInManaged (3ms)
			SetLoadedEditorAssemblies (6ms)
			BeforeProcessingInitializeOnLoad (145ms)
			ProcessInitializeOnLoadAttributes (407ms)
			ProcessInitializeOnLoadMethodAttributes (61ms)
			AfterProcessingInitializeOnLoad (7ms)
			EditorAssembliesLoaded (0ms)
		ExecutionOrderSort2 (0ms)
		AwakeInstancesAfterBackupRestoration (18ms)
Refreshing native plugins compatible for Editor in 1.25 ms, found 3 plugins.
Preloading 0 native plugins for Editor in 0.00 ms.
Unloading 13 Unused Serialized files (Serialized files now loaded: 0)
Unloading 6101 unused Assets / (4.6 MB). Loaded Objects now: 6983.
Memory consumption went from 157.0 MB to 152.4 MB.
Total: 12.296800 ms (FindLiveObjects: 1.101600 ms CreateObjectMapping: 1.075400 ms MarkObjects: 6.203200 ms  DeleteObjects: 3.914900 ms)

Prepare: number of updated asset objects reloaded= 0
========================================================================
Received Prepare
Begin MonoManager ReloadAssembly
[Licensing::Client] Successfully resolved entitlement details
- Loaded All Assemblies, in  0.826 seconds
Refreshing native plugins compatible for Editor in 0.73 ms, found 3 plugins.
Native extension for UWP target not found
Native extension for WindowsStandalone target not found
Native extension for WebGL target not found
[Package Manager] Failed to launch server process. Reason: Unity was launched with the -noUpm command-line argument
[Package Manager] Unable to send message (not connected to server process).
[Package Manager] Cannot connect to Unity Package Manager local server
Mono: successfully reloaded assembly
- Finished resetting the current domain, in  0.810 seconds
Domain Reload Profiling: 1638ms
	BeginReloadAssembly (238ms)
		ExecutionOrderSort (0ms)
		DisableScriptedObjects (7ms)
		BackupInstance (0ms)
		ReleaseScriptingObjects (0ms)
		CreateAndSetChildDomain (53ms)
	RebuildCommonClasses (37ms)
	RebuildNativeTypeToScriptingClass (16ms)
	initialDomainReloadingComplete (37ms)
	LoadAllAssembliesAndSetupDomain (499ms)
		LoadAssemblies (411ms)
		RebuildTransferFunctionScriptingTraits (0ms)
		AnalyzeDomain (197ms)
			TypeCache.Refresh (9ms)
				TypeCache.ScanAssembly (0ms)
			BuildScriptInfoCaches (170ms)
			ResolveRequiredComponents (13ms)
	FinalizeReload (811ms)
		ReleaseScriptCaches (0ms)
		RebuildScriptCaches (0ms)
		SetupLoadedEditorAssemblies (641ms)
			LogAssemblyErrors (0ms)
			InitializePlatformSupportModulesInManaged (3ms)
			SetLoadedEditorAssemblies (6ms)
			BeforeProcessingInitializeOnLoad (149ms)
			ProcessInitializeOnLoadAttributes (414ms)
			ProcessInitializeOnLoadMethodAttributes (62ms)
			AfterProcessingInitializeOnLoad (7ms)
			EditorAssembliesLoaded (0ms)
		ExecutionOrderSort2 (0ms)
		AwakeInstancesAfterBackupRestoration (17ms)
Refreshing native plugins compatible for Editor in 1.13 ms, found 3 plugins.
Preloading 0 native plugins for Editor in 0.00 ms.
Unloading 13 Unused Serialized files (Serialized files now loaded: 0)
Unloading 6101 unused Assets / (4.4 MB). Loaded Objects now: 6986.
Memory consumption went from 157.0 MB to 152.6 MB.
Total: 14.985100 ms (FindLiveObjects: 1.678600 ms CreateObjectMapping: 0.965700 ms MarkObjects: 7.702300 ms  DeleteObjects: 4.636800 ms)

Prepare: number of updated asset objects reloaded= 0
========================================================================
Received Prepare
Refreshing native plugins compatible for Editor in 1.50 ms, found 3 plugins.
Preloading 0 native plugins for Editor in 0.00 ms.
Unloading 13 Unused Serialized files (Serialized files now loaded: 0)
Unloading 6095 unused Assets / (4.5 MB). Loaded Objects now: 6986.
Memory consumption went from 157.2 MB to 152.8 MB.
Total: 81.989400 ms (FindLiveObjects: 2.344300 ms CreateObjectMapping: 1.612700 ms MarkObjects: 71.046900 ms  DeleteObjects: 6.983200 ms)

Prepare: number of updated asset objects reloaded= 0
========================================================================
Received Prepare
Refreshing native plugins compatible for Editor in 1.30 ms, found 3 plugins.
Preloading 0 native plugins for Editor in 0.00 ms.
Unloading 13 Unused Serialized files (Serialized files now loaded: 0)
Unloading 6095 unused Assets / (4.8 MB). Loaded Objects now: 6986.
Memory consumption went from 157.2 MB to 152.5 MB.
Total: 26.301300 ms (FindLiveObjects: 1.687600 ms CreateObjectMapping: 1.873500 ms MarkObjects: 13.617800 ms  DeleteObjects: 9.119400 ms)

Prepare: number of updated asset objects reloaded= 0
========================================================================
Received Prepare
Begin MonoManager ReloadAssembly
[Licensing::Client] Successfully resolved entitlement details
- Loaded All Assemblies, in  3.049 seconds
Refreshing native plugins compatible for Editor in 0.89 ms, found 3 plugins.
Native extension for UWP target not found
Native extension for WindowsStandalone target not found
Native extension for WebGL target not found
[Package Manager] Failed to launch server process. Reason: Unity was launched with the -noUpm command-line argument
[Package Manager] Unable to send message (not connected to server process).
[Package Manager] Cannot connect to Unity Package Manager local server
Mono: successfully reloaded assembly
- Finished resetting the current domain, in  1.010 seconds
Domain Reload Profiling: 4062ms
	BeginReloadAssembly (887ms)
		ExecutionOrderSort (0ms)
		DisableScriptedObjects (56ms)
		BackupInstance (0ms)
		ReleaseScriptingObjects (0ms)
		CreateAndSetChildDomain (284ms)
	RebuildCommonClasses (79ms)
	RebuildNativeTypeToScriptingClass (17ms)
	initialDomainReloadingComplete (65ms)
	LoadAllAssembliesAndSetupDomain (2003ms)
		LoadAssemblies (1846ms)
		RebuildTransferFunctionScriptingTraits (0ms)
		AnalyzeDomain (514ms)
			TypeCache.Refresh (77ms)
				TypeCache.ScanAssembly (4ms)
			BuildScriptInfoCaches (375ms)
			ResolveRequiredComponents (29ms)
	FinalizeReload (1011ms)
		ReleaseScriptCaches (0ms)
		RebuildScriptCaches (0ms)
		SetupLoadedEditorAssemblies (738ms)
			LogAssemblyErrors (0ms)
			InitializePlatformSupportModulesInManaged (5ms)
			SetLoadedEditorAssemblies (9ms)
			BeforeProcessingInitializeOnLoad (181ms)
			ProcessInitializeOnLoadAttributes (472ms)
			ProcessInitializeOnLoadMethodAttributes (64ms)
			AfterProcessingInitializeOnLoad (7ms)
			EditorAssembliesLoaded (0ms)
		ExecutionOrderSort2 (0ms)
		AwakeInstancesAfterBackupRestoration (18ms)
Refreshing native plugins compatible for Editor in 0.91 ms, found 3 plugins.
Preloading 0 native plugins for Editor in 0.00 ms.
Unloading 13 Unused Serialized files (Serialized files now loaded: 0)
Unloading 6101 unused Assets / (4.4 MB). Loaded Objects now: 6989.
Memory consumption went from 157.1 MB to 152.7 MB.
Total: 11.621200 ms (FindLiveObjects: 1.200700 ms CreateObjectMapping: 0.640000 ms MarkObjects: 4.814600 ms  DeleteObjects: 4.964100 ms)

Prepare: number of updated asset objects reloaded= 0
========================================================================
Received Prepare
Begin MonoManager ReloadAssembly
- Loaded All Assemblies, in  0.887 seconds
Refreshing native plugins compatible for Editor in 0.82 ms, found 3 plugins.
Native extension for UWP target not found
Native extension for WindowsStandalone target not found
Native extension for WebGL target not found
[Package Manager] Failed to launch server process. Reason: Unity was launched with the -noUpm command-line argument
[Package Manager] Unable to send message (not connected to server process).
[Package Manager] Cannot connect to Unity Package Manager local server
Mono: successfully reloaded assembly
- Finished resetting the current domain, in  0.867 seconds
Domain Reload Profiling: 1756ms
	BeginReloadAssembly (287ms)
		ExecutionOrderSort (0ms)
		DisableScriptedObjects (8ms)
		BackupInstance (0ms)
		ReleaseScriptingObjects (0ms)
		CreateAndSetChildDomain (75ms)
	RebuildCommonClasses (48ms)
	RebuildNativeTypeToScriptingClass (13ms)
	initialDomainReloadingComplete (38ms)
	LoadAllAssembliesAndSetupDomain (502ms)
		LoadAssemblies (435ms)
		RebuildTransferFunctionScriptingTraits (0ms)
		AnalyzeDomain (206ms)
			TypeCache.Refresh (7ms)
				TypeCache.ScanAssembly (0ms)
			BuildScriptInfoCaches (180ms)
			ResolveRequiredComponents (13ms)
	FinalizeReload (868ms)
		ReleaseScriptCaches (0ms)
		RebuildScriptCaches (0ms)
		SetupLoadedEditorAssemblies (672ms)
			LogAssemblyErrors (0ms)
			InitializePlatformSupportModulesInManaged (4ms)
			SetLoadedEditorAssemblies (6ms)
			BeforeProcessingInitializeOnLoad (166ms)
			ProcessInitializeOnLoadAttributes (428ms)
			ProcessInitializeOnLoadMethodAttributes (59ms)
			AfterProcessingInitializeOnLoad (8ms)
			EditorAssembliesLoaded (0ms)
		ExecutionOrderSort2 (0ms)
		AwakeInstancesAfterBackupRestoration (19ms)
Refreshing native plugins compatible for Editor in 0.81 ms, found 3 plugins.
Preloading 0 native plugins for Editor in 0.00 ms.
Unloading 13 Unused Serialized files (Serialized files now loaded: 0)
Unloading 6101 unused Assets / (4.9 MB). Loaded Objects now: 6992.
Memory consumption went from 157.1 MB to 152.3 MB.
Total: 11.692100 ms (FindLiveObjects: 1.059200 ms CreateObjectMapping: 0.492000 ms MarkObjects: 5.571200 ms  DeleteObjects: 4.567900 ms)

Prepare: number of updated asset objects reloaded= 0
========================================================================
Received Prepare
Refreshing native plugins compatible for Editor in 2.14 ms, found 3 plugins.
Preloading 0 native plugins for Editor in 0.00 ms.
Unloading 13 Unused Serialized files (Serialized files now loaded: 0)
Unloading 6095 unused Assets / (4.8 MB). Loaded Objects now: 6992.
Memory consumption went from 157.3 MB to 152.5 MB.
Total: 16.789100 ms (FindLiveObjects: 1.129900 ms CreateObjectMapping: 1.005500 ms MarkObjects: 8.790700 ms  DeleteObjects: 5.860900 ms)

Prepare: number of updated asset objects reloaded= 0
========================================================================
Received Prepare
Begin MonoManager ReloadAssembly
[Licensing::Client] Successfully resolved entitlement details
- Loaded All Assemblies, in  1.043 seconds
Refreshing native plugins compatible for Editor in 1.48 ms, found 3 plugins.
Native extension for UWP target not found
Native extension for WindowsStandalone target not found
Native extension for WebGL target not found
[Package Manager] Failed to launch server process. Reason: Unity was launched with the -noUpm command-line argument
[Package Manager] Unable to send message (not connected to server process).
[Package Manager] Cannot connect to Unity Package Manager local server
Mono: successfully reloaded assembly
- Finished resetting the current domain, in  0.995 seconds
Domain Reload Profiling: 2039ms
	BeginReloadAssembly (319ms)
		ExecutionOrderSort (0ms)
		DisableScriptedObjects (7ms)
		BackupInstance (0ms)
		ReleaseScriptingObjects (0ms)
		CreateAndSetChildDomain (76ms)
	RebuildCommonClasses (56ms)
	RebuildNativeTypeToScriptingClass (14ms)
	initialDomainReloadingComplete (42ms)
	LoadAllAssembliesAndSetupDomain (612ms)
		LoadAssemblies (526ms)
		RebuildTransferFunctionScriptingTraits (0ms)
		AnalyzeDomain (233ms)
			TypeCache.Refresh (14ms)
				TypeCache.ScanAssembly (0ms)
			BuildScriptInfoCaches (196ms)
			ResolveRequiredComponents (18ms)
	FinalizeReload (996ms)
		ReleaseScriptCaches (0ms)
		RebuildScriptCaches (0ms)
		SetupLoadedEditorAssemblies (766ms)
			LogAssemblyErrors (0ms)
			InitializePlatformSupportModulesInManaged (5ms)
			SetLoadedEditorAssemblies (9ms)
			BeforeProcessingInitializeOnLoad (206ms)
			ProcessInitializeOnLoadAttributes (460ms)
			ProcessInitializeOnLoadMethodAttributes (74ms)
			AfterProcessingInitializeOnLoad (11ms)
			EditorAssembliesLoaded (0ms)
		ExecutionOrderSort2 (0ms)
		AwakeInstancesAfterBackupRestoration (21ms)
Refreshing native plugins compatible for Editor in 0.86 ms, found 3 plugins.
Preloading 0 native plugins for Editor in 0.00 ms.
Unloading 13 Unused Serialized files (Serialized files now loaded: 0)
Unloading 6101 unused Assets / (4.0 MB). Loaded Objects now: 6995.
Memory consumption went from 157.2 MB to 153.2 MB.
Total: 13.304400 ms (FindLiveObjects: 1.021400 ms CreateObjectMapping: 0.995400 ms MarkObjects: 7.501200 ms  DeleteObjects: 3.784600 ms)

Prepare: number of updated asset objects reloaded= 0
========================================================================
Received Prepare
Begin MonoManager ReloadAssembly
- Loaded All Assemblies, in  1.105 seconds
Refreshing native plugins compatible for Editor in 0.76 ms, found 3 plugins.
Native extension for UWP target not found
Native extension for WindowsStandalone target not found
Native extension for WebGL target not found
[Package Manager] Failed to launch server process. Reason: Unity was launched with the -noUpm command-line argument
[Package Manager] Unable to send message (not connected to server process).
[Package Manager] Cannot connect to Unity Package Manager local server
Mono: successfully reloaded assembly
- Finished resetting the current domain, in  0.850 seconds
Domain Reload Profiling: 1958ms
	BeginReloadAssembly (273ms)
		ExecutionOrderSort (0ms)
		DisableScriptedObjects (7ms)
		BackupInstance (0ms)
		ReleaseScriptingObjects (0ms)
		CreateAndSetChildDomain (60ms)
	RebuildCommonClasses (49ms)
	RebuildNativeTypeToScriptingClass (14ms)
	initialDomainReloadingComplete (35ms)
	LoadAllAssembliesAndSetupDomain (736ms)
		LoadAssemblies (508ms)
		RebuildTransferFunctionScriptingTraits (0ms)
		AnalyzeDomain (361ms)
			TypeCache.Refresh (18ms)
				TypeCache.ScanAssembly (0ms)
			BuildScriptInfoCaches (321ms)
			ResolveRequiredComponents (17ms)
	FinalizeReload (851ms)
		ReleaseScriptCaches (0ms)
		RebuildScriptCaches (0ms)
		SetupLoadedEditorAssemblies (654ms)
			LogAssemblyErrors (0ms)
			InitializePlatformSupportModulesInManaged (4ms)
			SetLoadedEditorAssemblies (6ms)
			BeforeProcessingInitializeOnLoad (150ms)
			ProcessInitializeOnLoadAttributes (415ms)
			ProcessInitializeOnLoadMethodAttributes (71ms)
			AfterProcessingInitializeOnLoad (9ms)
			EditorAssembliesLoaded (0ms)
		ExecutionOrderSort2 (0ms)
		AwakeInstancesAfterBackupRestoration (20ms)
Refreshing native plugins compatible for Editor in 1.24 ms, found 3 plugins.
Preloading 0 native plugins for Editor in 0.00 ms.
Unloading 13 Unused Serialized files (Serialized files now loaded: 0)
Unloading 6101 unused Assets / (5.0 MB). Loaded Objects now: 6998.
Memory consumption went from 157.2 MB to 152.2 MB.
Total: 11.868900 ms (FindLiveObjects: 0.866500 ms CreateObjectMapping: 0.569700 ms MarkObjects: 6.038800 ms  DeleteObjects: 4.391900 ms)

Prepare: number of updated asset objects reloaded= 0
========================================================================
Received Prepare
Begin MonoManager ReloadAssembly
- Loaded All Assemblies, in  0.839 seconds
Refreshing native plugins compatible for Editor in 1.10 ms, found 3 plugins.
Native extension for UWP target not found
Native extension for WindowsStandalone target not found
Native extension for WebGL target not found
[Package Manager] Failed to launch server process. Reason: Unity was launched with the -noUpm command-line argument
[Package Manager] Unable to send message (not connected to server process).
[Package Manager] Cannot connect to Unity Package Manager local server
Mono: successfully reloaded assembly
- Finished resetting the current domain, in  0.907 seconds
Domain Reload Profiling: 1751ms
	BeginReloadAssembly (244ms)
		ExecutionOrderSort (0ms)
		DisableScriptedObjects (7ms)
		BackupInstance (0ms)
		ReleaseScriptingObjects (0ms)
		CreateAndSetChildDomain (55ms)
	RebuildCommonClasses (44ms)
	RebuildNativeTypeToScriptingClass (13ms)
	initialDomainReloadingComplete (43ms)
	LoadAllAssembliesAndSetupDomain (500ms)
		LoadAssemblies (414ms)
		RebuildTransferFunctionScriptingTraits (0ms)
		AnalyzeDomain (205ms)
			TypeCache.Refresh (13ms)
				TypeCache.ScanAssembly (0ms)
			BuildScriptInfoCaches (171ms)
			ResolveRequiredComponents (17ms)
	FinalizeReload (907ms)
		ReleaseScriptCaches (0ms)
		RebuildScriptCaches (0ms)
		SetupLoadedEditorAssemblies (693ms)
			LogAssemblyErrors (0ms)
			InitializePlatformSupportModulesInManaged (5ms)
			SetLoadedEditorAssemblies (6ms)
			BeforeProcessingInitializeOnLoad (153ms)
			ProcessInitializeOnLoadAttributes (458ms)
			ProcessInitializeOnLoadMethodAttributes (65ms)
			AfterProcessingInitializeOnLoad (7ms)
			EditorAssembliesLoaded (0ms)
		ExecutionOrderSort2 (0ms)
		AwakeInstancesAfterBackupRestoration (24ms)
Refreshing native plugins compatible for Editor in 1.19 ms, found 3 plugins.
Preloading 0 native plugins for Editor in 0.00 ms.
Unloading 13 Unused Serialized files (Serialized files now loaded: 0)
Unloading 6101 unused Assets / (4.2 MB). Loaded Objects now: 7001.
Memory consumption went from 157.3 MB to 153.0 MB.
Total: 17.510400 ms (FindLiveObjects: 2.224300 ms CreateObjectMapping: 1.492700 ms MarkObjects: 9.226900 ms  DeleteObjects: 4.562700 ms)

Prepare: number of updated asset objects reloaded= 0
========================================================================
Received Prepare
Begin MonoManager ReloadAssembly
[Licensing::Client] Successfully resolved entitlement details
- Loaded All Assemblies, in  0.869 seconds
Refreshing native plugins compatible for Editor in 0.78 ms, found 3 plugins.
Native extension for UWP target not found
Native extension for WindowsStandalone target not found
Native extension for WebGL target not found
[Package Manager] Failed to launch server process. Reason: Unity was launched with the -noUpm command-line argument
[Package Manager] Unable to send message (not connected to server process).
[Package Manager] Cannot connect to Unity Package Manager local server
Mono: successfully reloaded assembly
- Finished resetting the current domain, in  0.868 seconds
Domain Reload Profiling: 1739ms
	BeginReloadAssembly (272ms)
		ExecutionOrderSort (0ms)
		DisableScriptedObjects (7ms)
		BackupInstance (0ms)
		ReleaseScriptingObjects (0ms)
		CreateAndSetChildDomain (71ms)
	RebuildCommonClasses (44ms)
	RebuildNativeTypeToScriptingClass (13ms)
	initialDomainReloadingComplete (37ms)
	LoadAllAssembliesAndSetupDomain (504ms)
		LoadAssemblies (430ms)
		RebuildTransferFunctionScriptingTraits (0ms)
		AnalyzeDomain (204ms)
			TypeCache.Refresh (7ms)
				TypeCache.ScanAssembly (0ms)
			BuildScriptInfoCaches (180ms)
			ResolveRequiredComponents (12ms)
	FinalizeReload (869ms)
		ReleaseScriptCaches (0ms)
		RebuildScriptCaches (0ms)
		SetupLoadedEditorAssemblies (657ms)
			LogAssemblyErrors (0ms)
			InitializePlatformSupportModulesInManaged (4ms)
			SetLoadedEditorAssemblies (6ms)
			BeforeProcessingInitializeOnLoad (151ms)
			ProcessInitializeOnLoadAttributes (421ms)
			ProcessInitializeOnLoadMethodAttributes (67ms)
			AfterProcessingInitializeOnLoad (7ms)
			EditorAssembliesLoaded (1ms)
		ExecutionOrderSort2 (0ms)
		AwakeInstancesAfterBackupRestoration (21ms)
Refreshing native plugins compatible for Editor in 1.13 ms, found 3 plugins.
Preloading 0 native plugins for Editor in 0.00 ms.
Unloading 13 Unused Serialized files (Serialized files now loaded: 0)
Unloading 6101 unused Assets / (5.1 MB). Loaded Objects now: 7004.
Memory consumption went from 157.3 MB to 152.2 MB.
Total: 13.426700 ms (FindLiveObjects: 1.231000 ms CreateObjectMapping: 1.321600 ms MarkObjects: 6.840400 ms  DeleteObjects: 4.032300 ms)

Prepare: number of updated asset objects reloaded= 0
========================================================================
Received Prepare
Begin MonoManager ReloadAssembly
[Licensing::Client] Successfully resolved entitlement details
- Loaded All Assemblies, in  0.844 seconds
Refreshing native plugins compatible for Editor in 0.81 ms, found 3 plugins.
Native extension for UWP target not found
Native extension for WindowsStandalone target not found
Native extension for WebGL target not found
[Package Manager] Failed to launch server process. Reason: Unity was launched with the -noUpm command-line argument
[Package Manager] Unable to send message (not connected to server process).
[Package Manager] Cannot connect to Unity Package Manager local server
Mono: successfully reloaded assembly
- Finished resetting the current domain, in  0.894 seconds
Domain Reload Profiling: 1742ms
	BeginReloadAssembly (256ms)
		ExecutionOrderSort (0ms)
		DisableScriptedObjects (9ms)
		BackupInstance (0ms)
		ReleaseScriptingObjects (0ms)
		CreateAndSetChildDomain (54ms)
	RebuildCommonClasses (39ms)
	RebuildNativeTypeToScriptingClass (18ms)
	initialDomainReloadingComplete (32ms)
	LoadAllAssembliesAndSetupDomain (502ms)
		LoadAssemblies (425ms)
		RebuildTransferFunctionScriptingTraits (0ms)
		AnalyzeDomain (198ms)
			TypeCache.Refresh (8ms)
				TypeCache.ScanAssembly (0ms)
			BuildScriptInfoCaches (172ms)
			ResolveRequiredComponents (14ms)
	FinalizeReload (894ms)
		ReleaseScriptCaches (0ms)
		RebuildScriptCaches (0ms)
		SetupLoadedEditorAssemblies (684ms)
			LogAssemblyErrors (0ms)
			InitializePlatformSupportModulesInManaged (4ms)
			SetLoadedEditorAssemblies (7ms)
			BeforeProcessingInitializeOnLoad (148ms)
			ProcessInitializeOnLoadAttributes (452ms)
			ProcessInitializeOnLoadMethodAttributes (66ms)
			AfterProcessingInitializeOnLoad (7ms)
			EditorAssembliesLoaded (0ms)
		ExecutionOrderSort2 (0ms)
		AwakeInstancesAfterBackupRestoration (24ms)
Refreshing native plugins compatible for Editor in 1.01 ms, found 3 plugins.
Preloading 0 native plugins for Editor in 0.00 ms.
Unloading 13 Unused Serialized files (Serialized files now loaded: 0)
Unloading 6101 unused Assets / (4.7 MB). Loaded Objects now: 7007.
Memory consumption went from 157.3 MB to 152.6 MB.
Total: 19.521800 ms (FindLiveObjects: 1.618100 ms CreateObjectMapping: 2.729400 ms MarkObjects: 8.703400 ms  DeleteObjects: 6.468500 ms)

Prepare: number of updated asset objects reloaded= 0
========================================================================
Received Prepare
Begin MonoManager ReloadAssembly
- Loaded All Assemblies, in  0.856 seconds
Refreshing native plugins compatible for Editor in 1.04 ms, found 3 plugins.
Native extension for UWP target not found
Native extension for WindowsStandalone target not found
Native extension for WebGL target not found
[Package Manager] Failed to launch server process. Reason: Unity was launched with the -noUpm command-line argument
[Package Manager] Unable to send message (not connected to server process).
[Package Manager] Cannot connect to Unity Package Manager local server
Mono: successfully reloaded assembly
- Finished resetting the current domain, in  0.836 seconds
Domain Reload Profiling: 1695ms
	BeginReloadAssembly (269ms)
		ExecutionOrderSort (0ms)
		DisableScriptedObjects (7ms)
		BackupInstance (0ms)
		ReleaseScriptingObjects (0ms)
		CreateAndSetChildDomain (55ms)
	RebuildCommonClasses (45ms)
	RebuildNativeTypeToScriptingClass (13ms)
	initialDomainReloadingComplete (38ms)
	LoadAllAssembliesAndSetupDomain (494ms)
		LoadAssemblies (423ms)
		RebuildTransferFunctionScriptingTraits (0ms)
		AnalyzeDomain (208ms)
			TypeCache.Refresh (9ms)
				TypeCache.ScanAssembly (0ms)
			BuildScriptInfoCaches (181ms)
			ResolveRequiredComponents (13ms)
	FinalizeReload (837ms)
		ReleaseScriptCaches (0ms)
		RebuildScriptCaches (0ms)
		SetupLoadedEditorAssemblies (639ms)
			LogAssemblyErrors (0ms)
			InitializePlatformSupportModulesInManaged (4ms)
			SetLoadedEditorAssemblies (7ms)
			BeforeProcessingInitializeOnLoad (150ms)
			ProcessInitializeOnLoadAttributes (406ms)
			ProcessInitializeOnLoadMethodAttributes (63ms)
			AfterProcessingInitializeOnLoad (8ms)
			EditorAssembliesLoaded (1ms)
		ExecutionOrderSort2 (0ms)
		AwakeInstancesAfterBackupRestoration (23ms)
Refreshing native plugins compatible for Editor in 1.29 ms, found 3 plugins.
Preloading 0 native plugins for Editor in 0.00 ms.
Unloading 13 Unused Serialized files (Serialized files now loaded: 0)
Unloading 6101 unused Assets / (5.4 MB). Loaded Objects now: 7010.
Memory consumption went from 157.4 MB to 151.9 MB.
Total: 16.166100 ms (FindLiveObjects: 0.854900 ms CreateObjectMapping: 1.370000 ms MarkObjects: 7.121100 ms  DeleteObjects: 6.818700 ms)

Prepare: number of updated asset objects reloaded= 0
========================================================================
Received Prepare
Begin MonoManager ReloadAssembly
- Loaded All Assemblies, in  0.815 seconds
Refreshing native plugins compatible for Editor in 0.82 ms, found 3 plugins.
Native extension for UWP target not found
Native extension for WindowsStandalone target not found
Native extension for WebGL target not found
[Package Manager] Failed to launch server process. Reason: Unity was launched with the -noUpm command-line argument
[Package Manager] Unable to send message (not connected to server process).
[Package Manager] Cannot connect to Unity Package Manager local server
Mono: successfully reloaded assembly
- Finished resetting the current domain, in  0.805 seconds
Domain Reload Profiling: 1622ms
	BeginReloadAssembly (243ms)
		ExecutionOrderSort (0ms)
		DisableScriptedObjects (8ms)
		BackupInstance (0ms)
		ReleaseScriptingObjects (0ms)
		CreateAndSetChildDomain (53ms)
	RebuildCommonClasses (41ms)
	RebuildNativeTypeToScriptingClass (14ms)
	initialDomainReloadingComplete (34ms)
	LoadAllAssembliesAndSetupDomain (485ms)
		LoadAssemblies (413ms)
		RebuildTransferFunctionScriptingTraits (0ms)
		AnalyzeDomain (194ms)
			TypeCache.Refresh (8ms)
				TypeCache.ScanAssembly (0ms)
			BuildScriptInfoCaches (168ms)
			ResolveRequiredComponents (13ms)
	FinalizeReload (806ms)
		ReleaseScriptCaches (0ms)
		RebuildScriptCaches (0ms)
		SetupLoadedEditorAssemblies (632ms)
			LogAssemblyErrors (0ms)
			InitializePlatformSupportModulesInManaged (4ms)
			SetLoadedEditorAssemblies (6ms)
			BeforeProcessingInitializeOnLoad (142ms)
			ProcessInitializeOnLoadAttributes (411ms)
			ProcessInitializeOnLoadMethodAttributes (62ms)
			AfterProcessingInitializeOnLoad (7ms)
			EditorAssembliesLoaded (0ms)
		ExecutionOrderSort2 (0ms)
		AwakeInstancesAfterBackupRestoration (18ms)
Refreshing native plugins compatible for Editor in 1.15 ms, found 3 plugins.
Preloading 0 native plugins for Editor in 0.00 ms.
Unloading 13 Unused Serialized files (Serialized files now loaded: 0)
Unloading 6101 unused Assets / (5.6 MB). Loaded Objects now: 7013.
Memory consumption went from 157.4 MB to 151.8 MB.
Total: 18.088500 ms (FindLiveObjects: 1.237600 ms CreateObjectMapping: 0.721300 ms MarkObjects: 9.377200 ms  DeleteObjects: 6.750000 ms)

Prepare: number of updated asset objects reloaded= 0
========================================================================
Received Prepare
Refreshing native plugins compatible for Editor in 1.60 ms, found 3 plugins.
Preloading 0 native plugins for Editor in 0.00 ms.
Unloading 13 Unused Serialized files (Serialized files now loaded: 0)
Unloading 6095 unused Assets / (4.9 MB). Loaded Objects now: 7013.
Memory consumption went from 157.6 MB to 152.6 MB.
Total: 17.615200 ms (FindLiveObjects: 1.631500 ms CreateObjectMapping: 1.547700 ms MarkObjects: 7.996500 ms  DeleteObjects: 6.437500 ms)

Prepare: number of updated asset objects reloaded= 0
========================================================================
Received Prepare
Begin MonoManager ReloadAssembly
[Licensing::Client] Successfully resolved entitlement details
- Loaded All Assemblies, in  1.095 seconds
Refreshing native plugins compatible for Editor in 1.43 ms, found 3 plugins.
Native extension for UWP target not found
Native extension for WindowsStandalone target not found
Native extension for WebGL target not found
[Package Manager] Failed to launch server process. Reason: Unity was launched with the -noUpm command-line argument
[Package Manager] Unable to send message (not connected to server process).
[Package Manager] Cannot connect to Unity Package Manager local server
Mono: successfully reloaded assembly
- Finished resetting the current domain, in  1.122 seconds
Domain Reload Profiling: 2220ms
	BeginReloadAssembly (301ms)
		ExecutionOrderSort (0ms)
		DisableScriptedObjects (11ms)
		BackupInstance (0ms)
		ReleaseScriptingObjects (0ms)
		CreateAndSetChildDomain (70ms)
	RebuildCommonClasses (46ms)
	RebuildNativeTypeToScriptingClass (20ms)
	initialDomainReloadingComplete (50ms)
	LoadAllAssembliesAndSetupDomain (680ms)
		LoadAssemblies (521ms)
		RebuildTransferFunctionScriptingTraits (0ms)
		AnalyzeDomain (290ms)
			TypeCache.Refresh (26ms)
				TypeCache.ScanAssembly (0ms)
			BuildScriptInfoCaches (238ms)
			ResolveRequiredComponents (20ms)
	FinalizeReload (1123ms)
		ReleaseScriptCaches (0ms)
		RebuildScriptCaches (0ms)
		SetupLoadedEditorAssemblies (885ms)
			LogAssemblyErrors (0ms)
			InitializePlatformSupportModulesInManaged (5ms)
			SetLoadedEditorAssemblies (8ms)
			BeforeProcessingInitializeOnLoad (204ms)
			ProcessInitializeOnLoadAttributes (577ms)
			ProcessInitializeOnLoadMethodAttributes (78ms)
			AfterProcessingInitializeOnLoad (13ms)
			EditorAssembliesLoaded (0ms)
		ExecutionOrderSort2 (0ms)
		AwakeInstancesAfterBackupRestoration (22ms)
Refreshing native plugins compatible for Editor in 0.98 ms, found 3 plugins.
Preloading 0 native plugins for Editor in 0.00 ms.
Unloading 13 Unused Serialized files (Serialized files now loaded: 0)
Unloading 6101 unused Assets / (4.7 MB). Loaded Objects now: 7016.
Memory consumption went from 157.4 MB to 152.7 MB.
Total: 11.697500 ms (FindLiveObjects: 1.124900 ms CreateObjectMapping: 0.478500 ms MarkObjects: 6.232600 ms  DeleteObjects: 3.860300 ms)

Prepare: number of updated asset objects reloaded= 0
========================================================================
Received Prepare
Refreshing native plugins compatible for Editor in 1.24 ms, found 3 plugins.
Preloading 0 native plugins for Editor in 0.00 ms.
Unloading 13 Unused Serialized files (Serialized files now loaded: 0)
Unloading 6095 unused Assets / (5.0 MB). Loaded Objects now: 7016.
Memory consumption went from 157.6 MB to 152.6 MB.
Total: 17.099200 ms (FindLiveObjects: 1.422300 ms CreateObjectMapping: 1.487900 ms MarkObjects: 8.355200 ms  DeleteObjects: 5.831200 ms)

Prepare: number of updated asset objects reloaded= 0
========================================================================
Received Prepare
Begin MonoManager ReloadAssembly
- Loaded All Assemblies, in  1.091 seconds
Refreshing native plugins compatible for Editor in 1.52 ms, found 3 plugins.
Native extension for UWP target not found
Native extension for WindowsStandalone target not found
Native extension for WebGL target not found
[Package Manager] Failed to launch server process. Reason: Unity was launched with the -noUpm command-line argument
[Package Manager] Unable to send message (not connected to server process).
[Package Manager] Cannot connect to Unity Package Manager local server
Mono: successfully reloaded assembly
- Finished resetting the current domain, in  1.095 seconds
Domain Reload Profiling: 2189ms
	BeginReloadAssembly (307ms)
		ExecutionOrderSort (0ms)
		DisableScriptedObjects (7ms)
		BackupInstance (0ms)
		ReleaseScriptingObjects (0ms)
		CreateAndSetChildDomain (80ms)
	RebuildCommonClasses (60ms)
	RebuildNativeTypeToScriptingClass (20ms)
	initialDomainReloadingComplete (52ms)
	LoadAllAssembliesAndSetupDomain (655ms)
		LoadAssemblies (541ms)
		RebuildTransferFunctionScriptingTraits (0ms)
		AnalyzeDomain (258ms)
			TypeCache.Refresh (14ms)
				TypeCache.ScanAssembly (0ms)
			BuildScriptInfoCaches (213ms)
			ResolveRequiredComponents (24ms)
	FinalizeReload (1095ms)
		ReleaseScriptCaches (0ms)
		RebuildScriptCaches (0ms)
		SetupLoadedEditorAssemblies (846ms)
			LogAssemblyErrors (0ms)
			InitializePlatformSupportModulesInManaged (5ms)
			SetLoadedEditorAssemblies (8ms)
			BeforeProcessingInitializeOnLoad (203ms)
			ProcessInitializeOnLoadAttributes (551ms)
			ProcessInitializeOnLoadMethodAttributes (69ms)
			AfterProcessingInitializeOnLoad (9ms)
			EditorAssembliesLoaded (1ms)
		ExecutionOrderSort2 (0ms)
		AwakeInstancesAfterBackupRestoration (24ms)
Refreshing native plugins compatible for Editor in 1.00 ms, found 3 plugins.
Preloading 0 native plugins for Editor in 0.00 ms.
Unloading 13 Unused Serialized files (Serialized files now loaded: 0)
Unloading 6101 unused Assets / (4.7 MB). Loaded Objects now: 7019.
Memory consumption went from 157.5 MB to 152.8 MB.
Total: 12.746700 ms (FindLiveObjects: 0.713300 ms CreateObjectMapping: 0.820900 ms MarkObjects: 6.603500 ms  DeleteObjects: 4.607800 ms)

Prepare: number of updated asset objects reloaded= 0
========================================================================
Received Prepare
Refreshing native plugins compatible for Editor in 1.60 ms, found 3 plugins.
Preloading 0 native plugins for Editor in 0.00 ms.
Unloading 13 Unused Serialized files (Serialized files now loaded: 0)
Unloading 6095 unused Assets / (5.6 MB). Loaded Objects now: 7019.
Memory consumption went from 157.7 MB to 152.1 MB.
Total: 32.978400 ms (FindLiveObjects: 4.854000 ms CreateObjectMapping: 4.811200 ms MarkObjects: 11.532600 ms  DeleteObjects: 11.409200 ms)

Prepare: number of updated asset objects reloaded= 0
========================================================================
Received Prepare
Begin MonoManager ReloadAssembly
- Loaded All Assemblies, in  0.969 seconds
Refreshing native plugins compatible for Editor in 1.01 ms, found 3 plugins.
Native extension for UWP target not found
Native extension for WindowsStandalone target not found
Native extension for WebGL target not found
[Package Manager] Failed to launch server process. Reason: Unity was launched with the -noUpm command-line argument
[Package Manager] Unable to send message (not connected to server process).
[Package Manager] Cannot connect to Unity Package Manager local server
Mono: successfully reloaded assembly
- Finished resetting the current domain, in  1.032 seconds
Domain Reload Profiling: 2002ms
	BeginReloadAssembly (296ms)
		ExecutionOrderSort (0ms)
		DisableScriptedObjects (9ms)
		BackupInstance (0ms)
		ReleaseScriptingObjects (0ms)
		CreateAndSetChildDomain (63ms)
	RebuildCommonClasses (47ms)
	RebuildNativeTypeToScriptingClass (18ms)
	initialDomainReloadingComplete (46ms)
	LoadAllAssembliesAndSetupDomain (564ms)
		LoadAssemblies (495ms)
		RebuildTransferFunctionScriptingTraits (0ms)
		AnalyzeDomain (214ms)
			TypeCache.Refresh (13ms)
				TypeCache.ScanAssembly (0ms)
			BuildScriptInfoCaches (178ms)
			ResolveRequiredComponents (17ms)
	FinalizeReload (1032ms)
		ReleaseScriptCaches (0ms)
		RebuildScriptCaches (0ms)
		SetupLoadedEditorAssemblies (814ms)
			LogAssemblyErrors (0ms)
			InitializePlatformSupportModulesInManaged (4ms)
			SetLoadedEditorAssemblies (8ms)
			BeforeProcessingInitializeOnLoad (217ms)
			ProcessInitializeOnLoadAttributes (494ms)
			ProcessInitializeOnLoadMethodAttributes (80ms)
			AfterProcessingInitializeOnLoad (11ms)
			EditorAssembliesLoaded (0ms)
		ExecutionOrderSort2 (0ms)
		AwakeInstancesAfterBackupRestoration (21ms)
Refreshing native plugins compatible for Editor in 1.09 ms, found 3 plugins.
Preloading 0 native plugins for Editor in 0.00 ms.
Unloading 13 Unused Serialized files (Serialized files now loaded: 0)
Unloading 6101 unused Assets / (4.1 MB). Loaded Objects now: 7022.
Memory consumption went from 157.5 MB to 153.4 MB.
Total: 10.035300 ms (FindLiveObjects: 0.994100 ms CreateObjectMapping: 0.450500 ms MarkObjects: 5.545600 ms  DeleteObjects: 3.043800 ms)

Prepare: number of updated asset objects reloaded= 0
========================================================================
Received Prepare
Begin MonoManager ReloadAssembly
- Loaded All Assemblies, in  0.839 seconds
Refreshing native plugins compatible for Editor in 0.89 ms, found 3 plugins.
Native extension for UWP target not found
Native extension for WindowsStandalone target not found
Native extension for WebGL target not found
[Package Manager] Failed to launch server process. Reason: Unity was launched with the -noUpm command-line argument
[Package Manager] Unable to send message (not connected to server process).
[Package Manager] Cannot connect to Unity Package Manager local server
Mono: successfully reloaded assembly
- Finished resetting the current domain, in  0.847 seconds
Domain Reload Profiling: 1687ms
	BeginReloadAssembly (237ms)
		ExecutionOrderSort (0ms)
		DisableScriptedObjects (6ms)
		BackupInstance (0ms)
		ReleaseScriptingObjects (0ms)
		CreateAndSetChildDomain (55ms)
	RebuildCommonClasses (38ms)
	RebuildNativeTypeToScriptingClass (17ms)
	initialDomainReloadingComplete (37ms)
	LoadAllAssembliesAndSetupDomain (510ms)
		LoadAssemblies (422ms)
		RebuildTransferFunctionScriptingTraits (0ms)
		AnalyzeDomain (204ms)
			TypeCache.Refresh (13ms)
				TypeCache.ScanAssembly (0ms)
			BuildScriptInfoCaches (174ms)
			ResolveRequiredComponents (12ms)
	FinalizeReload (848ms)
		ReleaseScriptCaches (0ms)
		RebuildScriptCaches (0ms)
		SetupLoadedEditorAssemblies (675ms)
			LogAssemblyErrors (0ms)
			InitializePlatformSupportModulesInManaged (4ms)
			SetLoadedEditorAssemblies (3ms)
			BeforeProcessingInitializeOnLoad (160ms)
			ProcessInitializeOnLoadAttributes (439ms)
			ProcessInitializeOnLoadMethodAttributes (61ms)
			AfterProcessingInitializeOnLoad (7ms)
			EditorAssembliesLoaded (0ms)
		ExecutionOrderSort2 (0ms)
		AwakeInstancesAfterBackupRestoration (19ms)
Refreshing native plugins compatible for Editor in 1.35 ms, found 3 plugins.
Preloading 0 native plugins for Editor in 0.00 ms.
Unloading 13 Unused Serialized files (Serialized files now loaded: 0)
Unloading 6101 unused Assets / (4.4 MB). Loaded Objects now: 7025.
Memory consumption went from 157.6 MB to 153.1 MB.
Total: 19.337400 ms (FindLiveObjects: 1.644800 ms CreateObjectMapping: 1.886400 ms MarkObjects: 10.291400 ms  DeleteObjects: 5.511700 ms)

Prepare: number of updated asset objects reloaded= 0
========================================================================
Received Prepare
Begin MonoManager ReloadAssembly
- Loaded All Assemblies, in  0.816 seconds
Refreshing native plugins compatible for Editor in 0.72 ms, found 3 plugins.
Native extension for UWP target not found
Native extension for WindowsStandalone target not found
Native extension for WebGL target not found
[Package Manager] Failed to launch server process. Reason: Unity was launched with the -noUpm command-line argument
[Package Manager] Unable to send message (not connected to server process).
[Package Manager] Cannot connect to Unity Package Manager local server
Mono: successfully reloaded assembly
- Finished resetting the current domain, in  0.841 seconds
Domain Reload Profiling: 1659ms
	BeginReloadAssembly (229ms)
		ExecutionOrderSort (0ms)
		DisableScriptedObjects (7ms)
		BackupInstance (0ms)
		ReleaseScriptingObjects (0ms)
		CreateAndSetChildDomain (55ms)
	RebuildCommonClasses (44ms)
	RebuildNativeTypeToScriptingClass (14ms)
	initialDomainReloadingComplete (35ms)
	LoadAllAssembliesAndSetupDomain (495ms)
		LoadAssemblies (396ms)
		RebuildTransferFunctionScriptingTraits (0ms)
		AnalyzeDomain (207ms)
			TypeCache.Refresh (10ms)
				TypeCache.ScanAssembly (0ms)
			BuildScriptInfoCaches (177ms)
			ResolveRequiredComponents (15ms)
	FinalizeReload (842ms)
		ReleaseScriptCaches (0ms)
		RebuildScriptCaches (0ms)
		SetupLoadedEditorAssemblies (671ms)
			LogAssemblyErrors (0ms)
			InitializePlatformSupportModulesInManaged (3ms)
			SetLoadedEditorAssemblies (6ms)
			BeforeProcessingInitializeOnLoad (154ms)
			ProcessInitializeOnLoadAttributes (429ms)
			ProcessInitializeOnLoadMethodAttributes (71ms)
			AfterProcessingInitializeOnLoad (7ms)
			EditorAssembliesLoaded (0ms)
		ExecutionOrderSort2 (0ms)
		AwakeInstancesAfterBackupRestoration (21ms)
Refreshing native plugins compatible for Editor in 0.86 ms, found 3 plugins.
Preloading 0 native plugins for Editor in 0.00 ms.
Unloading 13 Unused Serialized files (Serialized files now loaded: 0)
Unloading 6101 unused Assets / (4.8 MB). Loaded Objects now: 7028.
Memory consumption went from 157.6 MB to 152.8 MB.
Total: 11.259900 ms (FindLiveObjects: 1.241200 ms CreateObjectMapping: 1.081700 ms MarkObjects: 5.400300 ms  DeleteObjects: 3.535600 ms)

Prepare: number of updated asset objects reloaded= 0
========================================================================
Received Prepare
Refreshing native plugins compatible for Editor in 1.43 ms, found 3 plugins.
Preloading 0 native plugins for Editor in 0.00 ms.
Unloading 13 Unused Serialized files (Serialized files now loaded: 0)
Unloading 6095 unused Assets / (4.9 MB). Loaded Objects now: 7028.
Memory consumption went from 157.8 MB to 152.9 MB.
Total: 14.563600 ms (FindLiveObjects: 1.296600 ms CreateObjectMapping: 0.631100 ms MarkObjects: 6.473300 ms  DeleteObjects: 6.161000 ms)

Prepare: number of updated asset objects reloaded= 0
========================================================================
Received Prepare
Begin MonoManager ReloadAssembly
[Licensing::Client] Successfully resolved entitlement details
- Loaded All Assemblies, in  0.970 seconds
Refreshing native plugins compatible for Editor in 0.93 ms, found 3 plugins.
Native extension for UWP target not found
Native extension for WindowsStandalone target not found
Native extension for WebGL target not found
[Package Manager] Failed to launch server process. Reason: Unity was launched with the -noUpm command-line argument
[Package Manager] Unable to send message (not connected to server process).
[Package Manager] Cannot connect to Unity Package Manager local server
Mono: successfully reloaded assembly
- Finished resetting the current domain, in  1.015 seconds
Domain Reload Profiling: 1986ms
	BeginReloadAssembly (284ms)
		ExecutionOrderSort (0ms)
		DisableScriptedObjects (11ms)
		BackupInstance (0ms)
		ReleaseScriptingObjects (0ms)
		CreateAndSetChildDomain (62ms)
	RebuildCommonClasses (53ms)
	RebuildNativeTypeToScriptingClass (17ms)
	initialDomainReloadingComplete (42ms)
	LoadAllAssembliesAndSetupDomain (574ms)
		LoadAssemblies (474ms)
		RebuildTransferFunctionScriptingTraits (0ms)
		AnalyzeDomain (235ms)
			TypeCache.Refresh (13ms)
				TypeCache.ScanAssembly (0ms)
			BuildScriptInfoCaches (199ms)
			ResolveRequiredComponents (18ms)
	FinalizeReload (1015ms)
		ReleaseScriptCaches (0ms)
		RebuildScriptCaches (0ms)
		SetupLoadedEditorAssemblies (805ms)
			LogAssemblyErrors (0ms)
			InitializePlatformSupportModulesInManaged (4ms)
			SetLoadedEditorAssemblies (10ms)
			BeforeProcessingInitializeOnLoad (214ms)
			ProcessInitializeOnLoadAttributes (505ms)
			ProcessInitializeOnLoadMethodAttributes (64ms)
			AfterProcessingInitializeOnLoad (6ms)
			EditorAssembliesLoaded (0ms)
		ExecutionOrderSort2 (0ms)
		AwakeInstancesAfterBackupRestoration (20ms)
Refreshing native plugins compatible for Editor in 0.96 ms, found 3 plugins.
Preloading 0 native plugins for Editor in 0.00 ms.
Unloading 13 Unused Serialized files (Serialized files now loaded: 0)
Unloading 6101 unused Assets / (4.7 MB). Loaded Objects now: 7031.
Memory consumption went from 157.6 MB to 153.0 MB.
Total: 10.124800 ms (FindLiveObjects: 1.041200 ms CreateObjectMapping: 0.461500 ms MarkObjects: 4.616100 ms  DeleteObjects: 4.005000 ms)

Prepare: number of updated asset objects reloaded= 0
========================================================================
Received Prepare
Refreshing native plugins compatible for Editor in 1.30 ms, found 3 plugins.
Preloading 0 native plugins for Editor in 0.00 ms.
Unloading 13 Unused Serialized files (Serialized files now loaded: 0)
Unloading 6095 unused Assets / (4.9 MB). Loaded Objects now: 7031.
Memory consumption went from 157.8 MB to 152.9 MB.
Total: 16.349600 ms (FindLiveObjects: 1.516700 ms CreateObjectMapping: 1.164700 ms MarkObjects: 8.973000 ms  DeleteObjects: 4.693800 ms)

Prepare: number of updated asset objects reloaded= 0
========================================================================
Received Prepare
Begin MonoManager ReloadAssembly
- Loaded All Assemblies, in  1.185 seconds
Refreshing native plugins compatible for Editor in 1.28 ms, found 3 plugins.
Native extension for UWP target not found
Native extension for WindowsStandalone target not found
Native extension for WebGL target not found
[Package Manager] Failed to launch server process. Reason: Unity was launched with the -noUpm command-line argument
[Package Manager] Unable to send message (not connected to server process).
[Package Manager] Cannot connect to Unity Package Manager local server
Mono: successfully reloaded assembly
- Finished resetting the current domain, in  1.157 seconds
Domain Reload Profiling: 2341ms
	BeginReloadAssembly (342ms)
		ExecutionOrderSort (0ms)
		DisableScriptedObjects (13ms)
		BackupInstance (0ms)
		ReleaseScriptingObjects (0ms)
		CreateAndSetChildDomain (72ms)
	RebuildCommonClasses (76ms)
	RebuildNativeTypeToScriptingClass (17ms)
	initialDomainReloadingComplete (53ms)
	LoadAllAssembliesAndSetupDomain (695ms)
		LoadAssemblies (608ms)
		RebuildTransferFunctionScriptingTraits (0ms)
		AnalyzeDomain (258ms)
			TypeCache.Refresh (13ms)
				TypeCache.ScanAssembly (1ms)
			BuildScriptInfoCaches (219ms)
			ResolveRequiredComponents (20ms)
	FinalizeReload (1158ms)
		ReleaseScriptCaches (0ms)
		RebuildScriptCaches (0ms)
		SetupLoadedEditorAssemblies (893ms)
			LogAssemblyErrors (0ms)
			InitializePlatformSupportModulesInManaged (6ms)
			SetLoadedEditorAssemblies (11ms)
			BeforeProcessingInitializeOnLoad (241ms)
			ProcessInitializeOnLoadAttributes (551ms)
			ProcessInitializeOnLoadMethodAttributes (74ms)
			AfterProcessingInitializeOnLoad (10ms)
			EditorAssembliesLoaded (0ms)
		ExecutionOrderSort2 (0ms)
		AwakeInstancesAfterBackupRestoration (25ms)
Refreshing native plugins compatible for Editor in 1.68 ms, found 3 plugins.
Preloading 0 native plugins for Editor in 0.00 ms.
Unloading 13 Unused Serialized files (Serialized files now loaded: 0)
Unloading 6101 unused Assets / (4.9 MB). Loaded Objects now: 7034.
Memory consumption went from 157.7 MB to 152.7 MB.
Total: 14.371200 ms (FindLiveObjects: 1.066300 ms CreateObjectMapping: 0.532400 ms MarkObjects: 7.853300 ms  DeleteObjects: 4.917700 ms)

Prepare: number of updated asset objects reloaded= 0
========================================================================
Received Import Request.
  Time since last request: 1235.628158 seconds.
  path: Assets/Scripts/PlayerControl.cs
  artifactKey: Guid(92508415590f6ad4daf6252136477162) Importer(2089858483,192608db42251d675da83286b1cce702)
Start importing Assets/Scripts/PlayerControl.cs using Guid(92508415590f6ad4daf6252136477162) Importer(2089858483,192608db42251d675da83286b1cce702) (ScriptedImporter) -> (artifact id: 'b9dc0acfbd3e1b428c8fd6c0cb956bd4') in 6.1951754 seconds
Number of updated asset objects reloaded before import = 0Number of asset objects unloaded after import = 0

========================================================================
Received Import Request.
  Time since last request: 0.000044 seconds.
  path: Assets/Stylized Cute Alien Character
  artifactKey: Guid(8424c259d375e9645a3b26e79e465fe2) Importer(2089858483,192608db42251d675da83286b1cce702)
Start importing Assets/Stylized Cute Alien Character using Guid(8424c259d375e9645a3b26e79e465fe2) Importer(2089858483,192608db42251d675da83286b1cce702) (ScriptedImporter) -> (artifact id: '0616faf81392d7441b5e67d25a810dca') in 0.0309984 seconds
Number of updated asset objects reloaded before import = 0Number of asset objects unloaded after import = 1

========================================================================
Received Import Request.
  Time since last request: 0.000045 seconds.
  path: Assets/FreeAnimatedSpaceMan/Materials/SpaceMan_Rank_02_Blue.mat
  artifactKey: Guid(76957805971dcfa45b689910366d0db4) Importer(2089858483,192608db42251d675da83286b1cce702)
Start importing Assets/FreeAnimatedSpaceMan/Materials/SpaceMan_Rank_02_Blue.mat using Guid(76957805971dcfa45b689910366d0db4) Importer(2089858483,192608db42251d675da83286b1cce702) (ScriptedImporter) -> (artifact id: 'dc1069e2542b888b5ef30d501c3e44c0') in 0.1014731 seconds
Number of updated asset objects reloaded before import = 0Number of asset objects unloaded after import = 3

========================================================================
Received Prepare
Refreshing native plugins compatible for Editor in 1.04 ms, found 3 plugins.
Preloading 0 native plugins for Editor in 0.00 ms.
Unloading 13 Unused Serialized files (Serialized files now loaded: 0)
Unloading 6096 unused Assets / (4.6 MB). Loaded Objects now: 7035.
Memory consumption went from 157.9 MB to 153.3 MB.
Total: 16.707600 ms (FindLiveObjects: 1.230000 ms CreateObjectMapping: 0.705400 ms MarkObjects: 9.873600 ms  DeleteObjects: 4.896900 ms)

Prepare: number of updated asset objects reloaded= 0
========================================================================
Received Import Request.
  Time since last request: 1.415498 seconds.
  path: Assets/Scripts/EnemyControl.cs
  artifactKey: Guid(e4ecd8b35fa74d14fbfdf9d957385617) Importer(815301076,1909f56bfc062723c751e8b465ee728b)
Start importing Assets/Scripts/EnemyControl.cs using Guid(e4ecd8b35fa74d14fbfdf9d957385617) Importer(815301076,1909f56bfc062723c751e8b465ee728b) (PreviewImporter) -> (artifact id: 'c1f6f6b5c1cc161f09f4454c1b881f8a') in 0.0241829 seconds
Number of updated asset objects reloaded before import = 0Number of asset objects unloaded after import = 0

========================================================================
Received Import Request.
  Time since last request: 1.876276 seconds.
  path: Assets/FreeAnimatedSpaceMan/Materials/SpaceMan_Weapons_Rank_02.mat
  artifactKey: Guid(ca0f6abd9feb63e468ba06b77ffb1a27) Importer(2089858483,192608db42251d675da83286b1cce702)
Start importing Assets/FreeAnimatedSpaceMan/Materials/SpaceMan_Weapons_Rank_02.mat using Guid(ca0f6abd9feb63e468ba06b77ffb1a27) Importer(2089858483,192608db42251d675da83286b1cce702) (ScriptedImporter) -> (artifact id: '6c0f5962f2b2da2b11000135b529244c') in 0.0571357 seconds
Number of updated asset objects reloaded before import = 0Number of asset objects unloaded after import = 3

========================================================================
Received Import Request.
  Time since last request: 0.000057 seconds.
  path: Assets/Stylized Cute Alien Character/Alien/Shaders/FresnelEyes.shadergraph
  artifactKey: Guid(6696555c359361c43af1328f23ace257) Importer(2089858483,192608db42251d675da83286b1cce702)
Start importing Assets/Stylized Cute Alien Character/Alien/Shaders/FresnelEyes.shadergraph using Guid(6696555c359361c43af1328f23ace257) Importer(2089858483,192608db42251d675da83286b1cce702) (ScriptedImporter) -> (artifact id: '501d73b4b95d2f3a3a578ccef93b0ab2') in 0.0872474 seconds
Number of updated asset objects reloaded before import = 0Number of asset objects unloaded after import = 5

========================================================================
Received Import Request.
  Time since last request: 0.000060 seconds.
  path: Assets/Stylized Cute Alien Character/Alien/Prefabs/CuteAlien.prefab
  artifactKey: Guid(9ac148c69b5cff64c9db44b77dc50878) Importer(2089858483,192608db42251d675da83286b1cce702)
Start importing Assets/Stylized Cute Alien Character/Alien/Prefabs/CuteAlien.prefab using Guid(9ac148c69b5cff64c9db44b77dc50878) Importer(2089858483,192608db42251d675da83286b1cce702) (ScriptedImporter) -> (artifact id: 'faf8380b851ac5c059a5d67e79a85e03') in 0.1244458 seconds
Number of updated asset objects reloaded before import = 0Number of asset objects unloaded after import = 84

========================================================================
Received Import Request.
  Time since last request: 0.000056 seconds.
  path: Assets/Stylized Cute Alien Character/Settings/UniversalRenderPipelineAsset_Renderer.asset
  artifactKey: Guid(2b2b3e94feeaa264abaeb91f85369b14) Importer(2089858483,192608db42251d675da83286b1cce702)
Start importing Assets/Stylized Cute Alien Character/Settings/UniversalRenderPipelineAsset_Renderer.asset using Guid(2b2b3e94feeaa264abaeb91f85369b14) Importer(2089858483,192608db42251d675da83286b1cce702) (ScriptedImporter) -> (artifact id: '532bba4a499465b61c9448cc3afdbdf0') in 0.1847052 seconds
Number of updated asset objects reloaded before import = 0Number of asset objects unloaded after import = 2

========================================================================
Received Import Request.
  Time since last request: 0.000065 seconds.
  path: Assets/Stylized Cute Alien Character/Alien/Materials/AlienEyes 1.mat
  artifactKey: Guid(87b853e8bd2966346bf97ecbb3ceee90) Importer(2089858483,192608db42251d675da83286b1cce702)
Start importing Assets/Stylized Cute Alien Character/Alien/Materials/AlienEyes 1.mat using Guid(87b853e8bd2966346bf97ecbb3ceee90) Importer(2089858483,192608db42251d675da83286b1cce702) (ScriptedImporter) -> (artifact id: 'f6ebbd287fb98ec01e90e562f58602f8') in 0.0375879 seconds
Number of updated asset objects reloaded before import = 0Number of asset objects unloaded after import = 6

========================================================================
Received Import Request.
  Time since last request: 0.000052 seconds.
  path: Assets/Free Halloween Pumpkin/Materials/MysticalCartoonHalloweenPack_Material.mat
  artifactKey: Guid(197b2c719fae147db8c15f4d01d1fbfb) Importer(2089858483,192608db42251d675da83286b1cce702)
Start importing Assets/Free Halloween Pumpkin/Materials/MysticalCartoonHalloweenPack_Material.mat using Guid(197b2c719fae147db8c15f4d01d1fbfb) Importer(2089858483,192608db42251d675da83286b1cce702) (ScriptedImporter) -> (artifact id: '0bf687053c01749c55607ef524ee13a9') in 0.0377533 seconds
Number of updated asset objects reloaded before import = 0Number of asset objects unloaded after import = 2

========================================================================
Received Import Request.
  Time since last request: 0.000048 seconds.
  path: Assets/Stylized Cute Alien Character/Alien/Materials/AlienHair 1.mat
  artifactKey: Guid(84b65fd7f676bb1479f1dac7289eefd4) Importer(2089858483,192608db42251d675da83286b1cce702)
Start importing Assets/Stylized Cute Alien Character/Alien/Materials/AlienHair 1.mat using Guid(84b65fd7f676bb1479f1dac7289eefd4) Importer(2089858483,192608db42251d675da83286b1cce702) (ScriptedImporter) -> (artifact id: '17cc2a88cff30cc304479f40e80d0330') in 0.0256066 seconds
Number of updated asset objects reloaded before import = 0Number of asset objects unloaded after import = 1

========================================================================
Received Import Request.
  Time since last request: 0.000046 seconds.
  path: Assets/Stylized Cute Alien Character/Alien/Prefabs/CuteAlienRagdoll.prefab
  artifactKey: Guid(f954a48635f9fe141af24fc93c42de39) Importer(2089858483,192608db42251d675da83286b1cce702)
Start importing Assets/Stylized Cute Alien Character/Alien/Prefabs/CuteAlienRagdoll.prefab using Guid(f954a48635f9fe141af24fc93c42de39) Importer(2089858483,192608db42251d675da83286b1cce702) (ScriptedImporter) -> (artifact id: 'c8b79e89b788329891ed0977c05edeba') in 0.0534869 seconds
Number of updated asset objects reloaded before import = 0Number of asset objects unloaded after import = 122

========================================================================
Received Prepare
Begin MonoManager ReloadAssembly
[Licensing::Client] Successfully resolved entitlement details
- Loaded All Assemblies, in  2.473 seconds
Refreshing native plugins compatible for Editor in 1.14 ms, found 3 plugins.
Native extension for UWP target not found
Native extension for WindowsStandalone target not found
Native extension for WebGL target not found
[Package Manager] Failed to launch server process. Reason: Unity was launched with the -noUpm command-line argument
[Package Manager] Unable to send message (not connected to server process).
[Package Manager] Cannot connect to Unity Package Manager local server
Mono: successfully reloaded assembly
- Finished resetting the current domain, in  1.034 seconds
Domain Reload Profiling: 3511ms
	BeginReloadAssembly (537ms)
		ExecutionOrderSort (0ms)
		DisableScriptedObjects (15ms)
		BackupInstance (0ms)
		ReleaseScriptingObjects (1ms)
		CreateAndSetChildDomain (185ms)
	RebuildCommonClasses (64ms)
	RebuildNativeTypeToScriptingClass (19ms)
	initialDomainReloadingComplete (53ms)
	LoadAllAssembliesAndSetupDomain (1803ms)
		LoadAssemblies (1524ms)
		RebuildTransferFunctionScriptingTraits (0ms)
		AnalyzeDomain (516ms)
			TypeCache.Refresh (53ms)
				TypeCache.ScanAssembly (1ms)
			BuildScriptInfoCaches (429ms)
			ResolveRequiredComponents (22ms)
	FinalizeReload (1034ms)
		ReleaseScriptCaches (0ms)
		RebuildScriptCaches (0ms)
		SetupLoadedEditorAssemblies (723ms)
			LogAssemblyErrors (0ms)
			InitializePlatformSupportModulesInManaged (6ms)
			SetLoadedEditorAssemblies (10ms)
			BeforeProcessingInitializeOnLoad (206ms)
			ProcessInitializeOnLoadAttributes (434ms)
			ProcessInitializeOnLoadMethodAttributes (60ms)
			AfterProcessingInitializeOnLoad (6ms)
			EditorAssembliesLoaded (0ms)
		ExecutionOrderSort2 (0ms)
		AwakeInstancesAfterBackupRestoration (17ms)
Refreshing native plugins compatible for Editor in 1.38 ms, found 3 plugins.
Preloading 0 native plugins for Editor in 0.00 ms.
Unloading 13 Unused Serialized files (Serialized files now loaded: 0)
Unloading 6103 unused Assets / (5.1 MB). Loaded Objects now: 7038.
Memory consumption went from 158.8 MB to 153.7 MB.
Total: 13.512900 ms (FindLiveObjects: 0.902800 ms CreateObjectMapping: 0.559100 ms MarkObjects: 6.869700 ms  DeleteObjects: 5.179700 ms)

Prepare: number of updated asset objects reloaded= 0
Editor requested this worker to shutdown with reason: Scaling down because of idle timeout
AssetImportWorker is now disconnected from the server
Process exiting
Exiting without the bug reporter. Application will terminate with return code 0